"id","author","source","content","feature","title","url"
"89617","","快科技@http://www.kkj.cn/","此外，自本周（6月12日）起，除小米手机6等15款机型外，其余机型已暂停更新发布（含开发版/体验版内测，稳定版暂不受影响），以确保工程师可以集中全部精力进行系统优化工作。有人猜测这也是将精力主要用到MIUI 9的研发之中。
MIUI 8去年5月发布，距今已有一年有余，也是时候更新换代了。
当然，关于MIUI 9的确切信息，我们还是等待官方消息。
","{""type"":""科技"",""site"":""cnbeta"",""commentNum"":""37"",""joinNum"":""20007"",""clickNum"":""19920"",""shareNum"":""0"",""url"":""http://www.cnbeta.com/articles/tech/623597.htm"",""site_sign"":""cnbeta"",""label"":"""",""summary"":""MIUI 9或许真的要来了！日前，微博数码博主@罗逸文V曝光了MIUI9首批支持机型，共有15款机型在列。具体包括小米6、小米Note2、小米MIX、小米5c、小米5s、小米5s Plus、小米5、小米4s、小米4c、小米Max 2、小米Max 64GB（128GB）、小米Max 32GB、小米Note顶配版、红米Note 4X(高通版)、红米4X手机。"",""is_hot"":""2"",""imgUrls"":""http://static.cnbetacdn.com/thumb/mini/article/2017/0618/188676856afc70a.jpg""}","小米MIUI 9首批机型曝光：共计15款","http://www.cnbeta.com/articles/tech/623597.htm"
"89616","","快科技@http://www.kkj.cn/","骁龙835作为唯一通过Windows 10桌面平台认证的ARM处理器，高通强调，不会因为只考虑性能而去屏蔽掉小核心。相反，他们正联手微软，找到一种适合桌面平台的、兼顾性能和功耗的完美方案。
报道称，微软已经拿到了一些新的源码，以便Windows 10更好地理解big.little架构。
资料显示，骁龙835作为一款集成了CPU、GPU、基带、蓝牙/Wi-Fi的SoC，比传统的Wintel方案可以节省至少30%的PCB空间。
按计划，今年Q4，华硕、惠普、联想将首发骁龙835 Win10电脑，预计均是二合一形态的产品。
当然，高通骁龙只是个开始，未来也许还能见到三星Exynos、联发科、华为麒麟、小米澎湃等进入Windows 10桌面平台。
","{""type"":""科技"",""site"":""cnbeta"",""commentNum"":""15"",""joinNum"":""5522"",""clickNum"":""5493"",""shareNum"":""0"",""url"":""http://www.cnbeta.com/articles/tech/623599.htm"",""site_sign"":""cnbeta"",""label"":"""",""summary"":""尽管Intel最近以“涉嫌侵权”不点名批评微软和高通合作在骁龙835/820平台上实现对x86的模拟，但微软已经表示不会受影响，将为了广大消费者把此事做好。据外媒报道，微软最新的动态揭示，他们正在精益求精。为了平衡功耗，big.little架构在移动处理器上非常常见，这对习惯了Intel/AMD x86的Windows来说，是个新鲜事物。"",""is_hot"":""2"",""imgUrls"":""http://static.cnbetacdn.com/thumb/mini/article/2017/0618/c8f6721778e5106.jpg""}","骁龙835在Windows 10上的性能表现有望改善","http://www.cnbeta.com/articles/tech/623599.htm"
"89615","","快科技@http://www.kkj.cn/","此前的一加3T搭载的是3400mAh电池，DashCharge快充规格为5V/4A。
至于电池缩水，可能与刘作虎所说，一加手机5要做市面最轻薄大屏旗舰的设定有关。
按照目前掌握的资料，一加手机5拥有5.5寸1080P三星AMOLED显示屏、6G/8GB RAM，64GB/128GB ROM，双1600万摄像头，备货量“惊喜”。
根据京东泄露的信息，一加5起售价是xx99元，应该是在2799/2899/2999中的某个。
","{""type"":""科技"",""site"":""cnbeta"",""commentNum"":""18"",""joinNum"":""9445"",""clickNum"":""9425"",""shareNum"":""0"",""url"":""http://www.cnbeta.com/articles/tech/623601.htm"",""site_sign"":""cnbeta"",""label"":"""",""summary"":""本月21日（下周三），一加手机5发布会将在深圳召开。今天下午，微博爆料人熊本科技分享了一张疑似一加手机5技术说明的文档，其中透露两个关键信息，一是3300mAh电池容量，二是新一代快充技术。有些字眼比较模糊，但看起来，似乎一加手机5仅仅充电半小时，就可以使用一整天。"",""is_hot"":""2"",""imgUrls"":""http://static.cnbetacdn.com/thumb/mini/article/2017/0618/18d7be2ba98b44e.jpg""}","一加手机5细节曝光：3300mAh、充半小时用1天","http://www.cnbeta.com/articles/tech/623601.htm"
"89614","","新华社","这是6月18日在葡萄牙中部大佩德罗冈地区拍摄的被森林大火烧毁的汽车。新华社记者张立云摄
","{""type"":""国际新闻"",""site"":""环球"",""commentNum"":""0"",""joinNum"":""0"",""clickNum"":""0"",""shareNum"":""0"",""url"":""http://world.huanqiu.com/hot/2017-06/10866126.html"",""site_sign"":""huanqiu"",""label"":"""",""summary"":""这是6月18日在葡萄牙中部大佩德罗冈地区拍摄的被森林大火烧毁的汽车。新华社记者张立云摄这是6月18日在葡萄牙中部大佩德罗冈地区拍摄的森林大火冒出的烟雾。新华社记者张立云摄6月18日，一架直升机在葡萄牙中部大佩德罗冈地区参与扑救森林大火。新华社记者张立云摄这是6月18日在葡萄牙中部大佩德罗冈地区拍摄的被森林大火烧毁的树木和房屋。"",""is_hot"":""0"",""imgUrls"":""""}","葡森林火灾造成至少62人死亡 政府宣布进入紧急状态（组图）","http://world.huanqiu.com/hot/2017-06/10866126.html"
"89613","胡淑丽_MN7479","深圳大件事","（原标题：44岁女子跑深圳约会网友被拒，暴雨中裸身奔走……）
@深圳交警微博称：昨日清晨交警发现有一女子赤裸上身，行走在南坪快速上，期间还起了轻生年头，一辅警发现后赶紧为其披上黄衣，并一路劝说她。
那么事发时
到底都发生了些什么呢？
南都记者带您一起还原现场
南都记者在龙岗大队坂田中队见到了辅警刘青（发现女生的辅警），一位外表高大帅气，说话略带些腼腆的90后青年。
刘青介绍，6月16日早上7时36分，他正在环城南路附近值勤，接到中队关于一位女子裸身进入机动车可能有危险的警情，随后骑着小铁骑开始沿路寻找，大概花了十多分钟在南坪大道坂田出口往龙岗方向的逆行辅道上发现该女子。
女子身上一丝不挂地逆车流而行，时走时停，时坐时躺，险象环生。刘青停好小铁骑，和另外一名巡防员追了上去，发现女子的情绪很低落，话不多，刘青尝试和女子交流，劝说女子离开，可女子并不愿意接受，继续缓慢地往南坪快速路的主干道上走去。
此时路边上已经聚集了很市民围观，为了不刺激女子的情绪，刘青和巡防员一边盯着女子一边驱赶着围观的群众。
现场还原
从警方提供的一份视频了解到，16日早上7时25分，女子出现在坂雪岗大道与环城南路的监控视频中，此时女子还穿着白色的内裤，正沿着坂雪岗大道往南坪快速的方向缓慢地走着。
当时正值上班高峰期，十字路口的车流已经排起了长队。当女子出现时，路上的市民纷纷驻足观望，不少车辆也放慢了速度，但女子并不为市民观望停下脚步，依然缓慢走着。当女子行进到十字路口中间时，一辆大货车挡住了镜头，但是当女子再次出现镜头时，可以发现女子已经没穿内裤了，全身裸露继续朝着南坪快速方向走去。记者发现，视频中女子周围并没有人尾随或者上前劝止的市民。
一大清早路上看到这样的情况
恐怕大家都没办法淡定
面对这一情况
刘青表示，“一开始根本不敢看她，心里挺别扭，感觉很尴尬”，但当刘青跟随女子上了南坪快速路主干道时，女子作出了让人意想不到的举动，她突然靠近护栏要从上面跳下去，刘青赶忙冲上去拉住了女子的手，将其控制住并远离护栏。碍于女子没有穿衣服，刘青递上衣服，女子没接受还把衣服扔到排水沟里，继续往前走，没办法刘青只能紧紧拉着她的一只手跟在后面。
刘青一路上耐心地开导安慰她，但只听到她不断地重复着一句话“要是你也遭遇我的事，你也会这样的”，期间她还不时试图挣脱刘青的手要冲向护栏往下跳。
就这样，我被牵着走了大概十多分钟，天突然下起了大暴雨，雨大的连眼睛都睁不开”刘青继续说着，瞬间他们就被雨透了，但女子依然不愿意接受刘青的帮助，就继续冒着大雨往前走。
大概走了有四十分钟吧，女子突然停下来说“我想回家了”，然后女子也接受了刘青递过来的小黄衣，就出现了深圳微博上的照片，女子披着小黄衣，刘青小心翼翼地在旁边走着的场景。从南平快速下来后，刘青和巡防员将女子带到了附近的坂田派出所。
那姑娘到底是遭遇了什么样的事情
才会说
“要是你也遭遇我的事，你也会这样”
据警方透露，该女子姓陈，系湖北人，今年44岁，据家属反映其有精神病史。三天前，陈某从老家来深圳约会网友，但约会受挫导致情绪异常，女子遂产生轻生念头。
目前
陈某已经被送往深圳某精神病医院进行治疗
大大君只希望姑娘能早点康复
其实真爱的到来并不存在年龄的限制
你们说呢？
因善良的原因
一众网友纷纷为
交警暖男点ZAN
@弓常yan桦：就想问这个小哥哥有女票吗
@原谅我这一辈子浪荡不羁爱萨摩耶：有什么过不去的要轻生嘛？ 想想自己的家人。同时也感谢交警蜀黍
@火心聆听心灵：点赞交警
@中華云盾：警察……警察就是群众最需时申出援手
@Tomchlee：蜀黍帅！
@SJ-李赫海i：这个交警很暖有木有！
男子迷奸网友拍418个视频 女方从20岁到50岁不等
去年6月7号上午，淮安市涟水县公安局刑警大队突然接到了一个奇怪的报警电话，一名女子言语不清，声称自己遭到了侵害。女子、被侵害、言语不清，几个关键词令接到电话的民警瞬间紧张起来。
","{""type"":""新闻"",""site"":""网易热门"",""commentNum"":""978"",""joinNum"":""16252"",""clickNum"":""0"",""shareNum"":""0"",""url"":""http://news.163.com/17/0618/00/CN617P3Q0001875P.html"",""site_sign"":""wangyi"",""label"":""[]"",""summary"":""44岁女子约网友被拒暴雨中裸奔 交警为其披衣相随,交警 巡防员 黄衣"",""is_hot"":""1"",""imgUrls"":""""}","44岁女子约网友被拒暴雨中裸奔 交警为其披衣相随","http://news.163.com/17/0618/00/CN617P3Q0001875P.html"
"89612","张怡","中国证券报?中证网","　　受到A股被纳入MSCI指数的利好消息刺激，A股市场从周三开始再度上演龙马行情，周四上午金融股和白马股表现喜人，但是尾盘跳水之后，仅金融板块仍维系红盘状态。分析人士认为，金融股受益于MSCI纳入A股和低估值而重获资金青睐，但是存量资金博弈格局下，风格交替的震荡格局料延续。流动性改善、经济悲观预期修正等有助于支撑板块继而大盘指数逐步向好。
　　“一九”再现
　　周四，A股市场未能延续周三的上行态势，两市成交小幅放量。29个中信一级行业中，收盘仅银行和非银行金融两个行业指数收红，分别上涨1.80%和0.20%。
　　从二级行业来看，股份制与城商行的涨幅最高，达到2.22%，国有银行上涨0.82%，信托及其他上涨0.64%，保险板块上涨0.34%，证券板块上涨0.06%。
　　银行板块25只成分股中，共有21只收红。其中，招商银行涨幅最大，上涨6.66%，贵阳银行上涨3.65%，上海银行、华夏银行、浦发银行和兴业银行的涨幅均超过1.50%。非银行金融板块44只成分股中，共17只个股上涨。其中，安信信托、中国太保涨幅居前两名，分别上涨4.57%和3.04%，西水股份、华安证券、中国人寿和新华保险的涨幅也均超过2%。相对而言，券商股多小幅下跌。
　　近期，对A股市场消息面影响最大的就是MSCI宣布从2018年6月开始将A股纳入MSCI新兴市场指数。而其中，金融股是占比最大的一个群体。国金证券李立峰团队指出，最新方案中包含的222只成分股中，剔除了中等市值、非互联互通可交易的股票以及有停牌限制的标的，由于纳入了很多大市值AH股，A股在MSCI EM中的权重由0.5%上升到了0.73%。其中，金融板块占比最高，达到40.11%，泛消费次之，占比为24.26%，两个板块涵盖了大部分权重股。动态来看，由于加入了很多是指占比高的金融公司，金融板块的权重增加了近一半，其他大部分行业权重都受到了稀释。
　　尽管A股被纳入MSCI这一利好事件对短期市场情绪有所提振、对中长期海外增量资金预期升温，但短期内，市场量能尚不能有效放大，金融股独乐乐情景也就难以持续。存量博弈格局下，风格交替、指数震荡格局难改变。
　　光大证券指出，利好并未引起市场太大的热情，两市指数和成交量均较为平淡，但市场风格出现了较大变化，白马股金融股上涨的同时，成长股、题材股全天低迷。这表明市场增量资金依然很少，存量资金在不同板块之间腾挪，这样的跷跷板格局使得指数难有突破。市场中期依旧偏空，短期依旧可能维持震荡格局。
","{""type"":""市场"",""site"":""中证网"",""commentNum"":""0"",""joinNum"":""0"",""clickNum"":""0"",""shareNum"":""0"",""url"":""http://www.cs.com.cn/gppd/201706/t20170623_5338463.html"",""site_sign"":""Cs"",""label"":"""",""summary"":"""",""is_hot"":""0"",""imgUrls"":""""}","金融股一枝独秀 配置价值犹存","http://www.cs.com.cn/gppd/201706/t20170623_5338463.html"
"89611","","威锋网@http://www.feng.com/","虽然至今夏普智能手机在市场上无法排得上号，已经完全没落，并于 2013 年退出中国市场，但是今年 3 月份官方突然宣布回归中国，预示着很快就有夏普新机在中国登场了。那么，第一款夏普手机什么时候登陆中国呢？又会是怎么样的手机呢？
近日，一款型号为 FS8016 的夏普神秘新机悄然出现在 GeekBench 的跑分库上。从其中相关信息了解到，这款机子并非旗舰定位，所搭载的是高通骁龙 660 处理器，配备有 4GB 的内存。骁龙 660 是高通今年最受瞩目的芯片之一，采用 14 纳米工艺，八个 Kryo 260 核心设计，集成 Adreno 512 GPU 和 X12 LTE 调制解调器。
当前市面上只有一款机子采用了骁龙 660 处理器，那就是已经上市销售的 OPPO R11。骁龙 660 尽管并非旗舰芯片，但在多核新能上比去年骁龙 820 强，单核改进也很明显，所以放在今年仍可以让很多手机变成高端机。不过，由于 OPPO 与高通签署了排他性协议，可以独占两三个月时间。
考虑到夏普既然开始测试新机了，说明只要等独占时期一过，夏普就能发布骁龙 660 新品了。按照之前被曝光的渲染图了解，夏普的新机核心竞争优势还是全面屏，因为从 2013 年推出全球首款全面屏手机 EDGEST 302SH 至今，夏普手机推出了多达 28 款的全面屏手机。
在 5 月份的媒体沟通会上，惠普罗忠生表示：“我敢打赌，12 个月之后，在座的各位手机都会换掉。因为全面屏时代的到来，我们怀揣的手机都将成为传统手机。”
","{""type"":""科技"",""site"":""cnbeta"",""commentNum"":""21"",""joinNum"":""5121"",""clickNum"":""5099"",""shareNum"":""0"",""url"":""http://www.cnbeta.com/articles/tech/623603.htm"",""site_sign"":""cnbeta"",""label"":"""",""summary"":""今年 5 月底，夏普手机在北京举行了一场“创·无界”的品牌媒体沟通会，在会上夏普宣布夏普手机正式归来。作为一家百年企业，夏普曾多次带动行业飞跃式发展，尤其在手机行业，更是创造多个全球第一，包括第一款摄像头手机，第一款双倍光变手机等等。关键是，第一款全面屏手机也是来自夏普。"",""is_hot"":""2"",""imgUrls"":""http://static.cnbetacdn.com/thumb/mini/article/2017/0618/28b2be1752690e9.png""}","配骁龙660 全面屏鼻祖夏普新机酝酿中","http://www.cnbeta.com/articles/tech/623603.htm"
"89610","申玉彬 整理","中国证券报?中证网","　　沙漠雄鹰：震荡有利消化套牢筹码
　　周四开盘上证50在银行券商大蓝筹带动下一度涨近2%,沪指也一度站上60日与120日均线。但在“黑天鹅”万达电影暴跌拖累下,沪深股市绝大多数时间分道扬镳，14点后次新股大幅跳水令各大指数全线收绿。存量博弈格局难改,量能久日不见放大下,蓝筹行情并不可持续,短线策略依然是以题材为主，次新股和区域经济概念股调整压力仍然突出，成长股再次大跌，但目前处于底部，低位反复震荡有助于夯实底部。目前市场仍属存量资金博弈，短期蓝筹股上演的指数行情令市场承压，短期利好带动的蓝筹股行情或将告一段落，后期需要题材股接力来维稳指数走向。
　　今日经财要闻：一、央行上海总部发布“债券通”北向通境外投资者准入备案业务指引。二、我国信用法规和标准研究正在加快推进。三、上海易居房地产研究院发布的《房贷利率与楼市研究报告》显示，近期许多城市的个人住房贷款利率均有不同程度的上涨。四、水污染防治法修正案草案二审 更大力度保护水环境。五、根据中国结算发布的《关于开展存量一人多户休眠工作的通知》，已启动对同一投资者开立的三户以上多开账户的休眠工作。按中国结算的文件要求，自6月23日后的下一交易日（下周一，6月26日）起，被确认为休眠账户的，将在交易系统中止交易。六、李军：“十三五”末上海金融市场交易额或达2000万亿。七、受A股纳入MSCI新兴市场指数，以及中国宏观环境持续稳定的双重因素鼓舞下，富达国际基金经理马磊表示，预计2017年下半年中国股市投资者情绪将有望转好。中国股市未来十年增长将主要由创新驱动。
　　大盘回顾：周四A股市场出现了早盘冲高，午市后震荡回落，尾盘大幅跳水的走势。从盘面看，沪深300指数盘中创17个月新高，但2000余只个股下跌，市场分化相当明显。至收盘，上证指数报3147.45点，较前一交易日跌8.76点，跌幅为0.28%；深成指报10265.20点，跌101.97点，跌幅为0.98%；创业板指表现最弱，报1798.38点，跌幅达到1.44%。两市个股普跌，仅400余只交易品种上涨。不计算ST股和未股改股，两市涨停个股不足30只。两市共成交4781亿元，较前一交易日大增800多亿元。数据显示,昨日两市共有主力尽流出190.57亿元,较上一日的96.95亿元大增96.27%。两市61个行业板块有57个遭遇主力抛售,虽然券商与银行板块共有近13亿元主力介入,但化工行业与医药制造就分别遭遇14亿元与12.21亿元的主力抛售。而持续低迷的雄安新区的抛售力度更是高达41.69亿元。
　　技术分析： 昨日临近收盘的半个小时，沪指上演高位跳水，将涨幅全部回吐，失守60日均线，成交量明显放大，留下长长的上影线。尽管跌幅不深，但个股一地鸡毛，沪指自3016点以来，大盘每次回调的相对低点位置都在不断抬升，所以即使大盘冲高乏力后出现回落，指数调整的空间也因被封住而难以出现大跌。总体来说市场震荡分化的格局短期依然难以打破。短线来看， 沪指在盘中攻克60日均线和半年线压力之后，却在当日得而复失，而创业板指则连上方均线压力都无法触及，这样的走势，无疑会对投资者心理产生负面影响。而在技术形态上，在60分钟K线级别已经形成了背离雏形，一旦沪指跌破3117点，就意味着背离成型，如此即可能引发日线级别的下跌。
　　综合分析：目前指数正处在压力区间，市场脆弱的心态、碎片化的涨停板、主线模糊、热点凌乱、赚钱效应弱等因素都是大盘突破的掣肘因素。而昨日的尾盘跳水，主要有以下原因。首先，长期的二八分化，导致人气低迷。最近一段时间权重股虽然整体走高，但该板块群众基础弱、弹性小制约绝对涨幅，难以形成大面积的赚钱效应。与此同时，现在场内二八轮动非常频繁，今天追进的资金明天就要吃套，打击资金积极性。其次，市场反弹到重要压力区，却仅靠资金拉升指标股来抬升指数。这种没有赚钱效应的拉抬是不可能持久的。昨日招商银行一度大涨7%，但投资者似乎并不买账，跟风盘极少。由于目前A股一直是存量资金博弈的市场，所以，指标股吸引着资金加码，那么，就意味着中小市值品种面临着强大的筹码套现压力。另外，昨日万达股票债券莫名齐跌，午后复星医药盘中突现“闪崩”，令市场踩踏事件出现，短期市场受此影响，再次收复上方半年线的压力大增。
　　投资建议：近期权重蓝筹一直强于中小创,但上涨始终缺乏有效的量能支持。在存量博弈背景下,后续资金若无法跟上,活跃资金或会转战中小创。短线投资者在降低权重配置时,可加大中小创中盘子小、股性活跃的超跌品种。大盘的纠缠格局依然还在进行中,权重股虽整体走高,但群众基础弱、弹性小,绝对涨幅有所制约。金融板块大涨促使沪指上摸3180点压力位区间,但能否真正有效突破,还需要观察几日。基于周四K线组合形态偏向悲观，因此投资者当前宜先退出观望，等待股指下方获得支撑后再寻机操作。
　　热点分析：由于粤港澳大湾区论坛期间,腾讯看多人工智能,百度也将于7月5日举办“百度AI开发者大会”,以谷歌、亚马逊为代表的互联网巨头一致看好人工智能未来的发展。产业创新叠加政策扶持,人工智能行业高景气度有望维持。
　　市场在最近一个月内出现了4次长上影线，之前三次都形成了周线级别调整，加之下周是月末钱荒效应，值得股民做好应对。自6月初以来，市场始终是以中小创为首的反弹模式，个股赚钱效应保持；而随着周三尾盘开始，权重股快速拉升，带来了指数尾盘翻红，周四刷新高点，但与此同时个股赚钱效应却有了明显的降温的，个股涨少跌多，午盘后个股跳水加剧这一现象必须要引起重视。玉名认为这意味着上证50创新高，但并没有带来其余个股的跟随，相反还带来了大部分个股的跳水；而受到政策红利的军工板块和上周“王者荣耀”引发的手游股类似，都是出现了“一日游”的走势，没有延续性的热点，更多地来自于事件刺激和超跌反弹。
　　市场下周将进入到一个比较敏感的时间段，既是月末、季末，又是半年末，容易出现资金的异动。实际上，从美联储加息和缩表行为来看，已经意味着紧缩货币政策的开启，而这也在全球央行中流行，金融市场很难再现“大水漫灌”式强刺激，中性偏紧的政策和流动性将成为一种“常态”。从基本面来看，玉名认为中国经济仍将是“L”型筑底走势，这是一个阶段，是一段较长的时间，意味着没有高速增长，也没有增速大幅下滑，而是横盘周期，同时以适度偏紧的政策，为供给侧结构性改革提供良好环境。因此，从基本面决定了股市只能处于震荡市周期。
　　技术上，沪指运行到60日均线附近，在权重股拉升之下有突破之意，不过由于运行到前期肩部区域，压力还是比较大，这种单纯依托权重股，而忽略个股效应的模式能够走多远，还是值得担忧的，这是引发资金派发而形成跳水的关键因素。尤其是个股的赚钱效应越来越差，甚至不排除一些获利盘和解套盘选择了短线的离场，伴随着高位，资金追涨的压力也在增加，谨慎观望气氛增加，导致了成交量的止步不前。玉名认为目前股民需要对于个股做一个梳理了，短线反弹较多的，且近期放量滞涨的，就要有所警惕了，要逐步兑现利润，选择落袋为安，重新等待机会；而对于已经进入前期阻力区或密集套牢区的个股，应该及时考虑减仓，毕竟这样的品种很容易出现再度的调整；对于前期涨幅不大，或者是下跌通道已经扭转的个股，可以暂时持有观望。
　　昨日回顾：主板终于费尽九牛二虎之力爬到了3180点附近，但是遗憾的是在主板尤其是上证50和沪深300不断地创新高之际，中小创却依然是忍受着无厘头的煎熬，午后市场更是以全线跳水的结局收盘，那么对于这样的市场周五会怎样？
　　昨日消息面：央行：“债券通”登记托管等实施细则会很快发布实施；发改委：抓紧制定出台配气价格监管规则；人社部：9月底前基本实现跨省异地就医住院费用直接结算；23日成品油将迎年内第六次下调 降幅或达270元/吨；国防科工局：推进军工企业混改 加快军工资产证券化进程；广电总局要求新浪微博等网站关停视听节目；欧美股指延续涨跌不一的走势…消息面上，外围市场整体稳健，国内信息面则继续是不死不活的形式，预计市场继续走整理行情。
　　技术分析：技术上看，市场昨日走势在午后全线跳水，主板创新高后回落，创业板则是继续在1800点附近做整理，相比于主板则显得较为弱势，技术上看，市场周五将依然不会有大行情，但是二八转换的格局将可能随时出现。
　　今日大盘下档第一支撑位在3130点，第二支撑位在3100，上档第一压力位在3160点，第二压力位在3180点。
　　今日走势：欧美股指高位整理，隔夜信息面依然没有什么实质性的利好，今天继续有新股申购，在这样的情况下，预计大盘再度平开或小幅低开可能性大，整体看今天指数出现调整的可能性大，日线继续以小阴、小阳或十字星线为主，随时防止主板可能出现的回调。
　　今日操作：就昨日市场的走势看，依然是面子行情，更是将中小创再度推到了一个极为尴尬的境地，当然在筑底的过程中很多的不确定因素将会愈发明显，因此建议大家操作继续在短期寻求涨幅不大的个股或者是底部放量的个股，尤其是再加上业绩稳定的个股将是最好，逢低介入，操作上短期建议执行快进快出的策略，远离短期涨幅过大的个股，具体操作坚持大涨卖，大跌买，不涨不跌选择观望的策略。
　　从昨日市场走势看，又一次证明了彬哥之前所让大家关注的3180点主板可能回调的观点是正确的，而主板也确实在3180点附近出现了回调，对于这样的回调，彬哥认为是一个健康的事情，也是一个必须要出现的事情，现在唯一不能确定的就是在主板回调的时候中小创会不会出现企稳，会不会出现让投资者操作的机会，因此大家今天上午需要至少需要半天的时间去观察市场可能出现的结果，目前行情有一点可以确定的就是主板将会在3180点附近出现调整，因此大家万不可在这个时候再去追涨主板的个股（尤其是以保险银行为首的上证50个股），就周四午后市场的走势看，主板的调整势在必行，因此大家要做好主板调整的心理准备。当然还要做好市场全线调整的心理预期。
","{""type"":""市场"",""site"":""中证网"",""commentNum"":""0"",""joinNum"":""0"",""clickNum"":""0"",""shareNum"":""0"",""url"":""http://www.cs.com.cn/gppd/201706/t20170623_5338143.html"",""site_sign"":""Cs"",""label"":"""",""summary"":"""",""is_hot"":""0"",""imgUrls"":""""}","博友早评：震荡有利消化套牢筹码","http://www.cs.com.cn/gppd/201706/t20170623_5338143.html"
"89609","李杭_BJS4645","荆楚网-楚天都市报","（原标题：武汉警方一下子抓了808人，还都是俊男靓女！原来他们每天偷偷摸摸干这事！）
武汉警方一下子抓了808人，还都是俊男靓女！原来他们每天偷偷摸摸干这事！
大家还记得今年4月光谷曾发生的一件大事吗？
当时微博和朋友圈上都传疯了，
说是光谷国际广场大量白领被捕！
现场手铐都不够用！
结果经记者深入调查后发现，
这些被抓的并不是网传的“白领”
而是一个有282名涉案人员的诈骗团伙！
天呐！接近300人的犯罪团伙，
你以为这个数字已经够庞大了吗？
错，还有让你更震惊的！！
据武汉市公安局通报：
6月9日，警方在武汉三镇的10处窝点内，
抓获了808名嫌疑人！
而且令人大跌眼镜的是，
他们当中大多都是年青人，
用“俊男靓女”来形容也不为过！
年纪不大，外形不差，那么到底是犯了什么事呢？
其实说起来，这事估计绝大多数人都碰到过！那就是网络诈骗！
涉案电脑800余台、手机2000余部、
银行卡3000余张....
因为涉及的账户太多，
涉案金额目前还没统计出来。
这是全国涉案人数最多的一起特大网络诈骗案！
这些惊人的数字背后，究竟藏着什么样的秘密？警方把他们一锅端了！
今年4月，武汉警方获悉在塔子湖地区有电信网络诈骗活动，经过2个多月的秘密侦查，发现了一个特大网络诈骗犯罪团伙。
原来该团伙利用非法互联网金融平台，实施推荐股票、炒期货等诈骗，其10处窝点散布在江岸、洪山、东湖高新、硚口、江汉等5个区的写字楼内，涉案人员多达800余名！
6月9日上午，武汉警方组织了1000余名警力，分成14个抓捕组，同时对首脑分子和10处窝点实施了突击抓捕行动！
目前，警方已依法刑事拘留411人，对45人取保候审。该案还在进一步调查中。
他们是如何进行诈骗的？
人数众多的这个诈骗组织是怎么样进行人员分工？又是如何一步步引受害人上钩的呢？
2015年以来，该犯罪团伙以投资组建的某集团公司为总部，旗下成立多家分公司、子公司，设立人事部、财务部、行政部等机构部门，分为经理、分析师、业务小组长、业务员等组织层级。
在网上发布招聘信息招揽、培训业务员
依托虚构的互联网金融平台，通过业务员散布“有内幕消息”等虚假信息，引诱受害人加入专门的QQ群、微信群。
再由所谓的“证券公司资深分析师”和“经理”逐个联系受害人，引诱受害人交易股票、期货、贵金属、外汇等金融产品，
受害人若获利则按“五五”、“六四”分成，
若亏损则拉入“黑名单”不再联系。
网友热评
李晓猫不吃鱼：在人信汇写字楼面试过一个这种工作，一听不对劲就撤了，说不适合我，我嘴巴笨
习惯就好33xxzz：八百多人？可能相当部分人都不大清楚自己到底是啥性质工作吧？
刑法守望者：
要警惕了，普法：各种工作都要预防法律风险，要做个明白人，不是什么钱都可以拿，尤其是从事金融、保险、银行、财务的人员，不小心就触犯刑法……
童颜永在--心理医生：盘在写字楼内的诈骗公司，以高薪招聘业务人员为诱饵，实行诈骗的顽疾，终于被揣掉了。
你的渔船：联系一下自己的朋友，看有多少个被抓了
The-former-degrees：
招聘平台和销售会上百分之八十就是这种工作。从源头抓起，防止更多人受伤。
宇宇家的小仙女：恐怖 进了一个星期发现不太对劲 这尼玛是让我骗人啊 ?赶紧自己跑路了
z_路漫漫：
我做过， ?后来听说公司跑路了
睡不饱怎么办啊小铭大：我都面试过这种工作，，还培训了几天，，话术一看就的套路骗，，果断闪人，，这种公司太多了，，
遗忘的金叶子：碰到这样的骗子找我们做视频，最后被我打电话骂了一顿！
a一元复始c：
还有那些天天电话骚扰别人信贷的、卖房的、卖邮票的、发票的社会生活中一不留神就会被坑，所以活着需要理智
笑看世间丑2448337651：这是在路上发骗广告搞高利贷的那些互联网金融公司吗？
未来温暖的时光属于自己：金融港，街道口都是这些……好多同学刚刚毕业都去做过，都是网上投简历，这些公司就猛联系你，其实好多都不知道这是骗人的吧
有强迫症的天蝎座怪咖：吓到我了
冉冉的彗星是个宝：早上还接到说做期货
霖心金鱼And张蒙：
都不敢去找工作了
蒋妈妈1
5：刚回到武汉，准备找份工作，看网上好多这种招聘的，感觉像骗人的，都不看的
看了网友的评论，
小编只有一个感觉：
找工作时一定要擦亮双眼
不要因为一时疏忽，
而给自己的生活抹上污点！
俗话说，知己知彼百战不殆
弄清网络诈骗的常见手法?
才能避免上当受骗
下面就为大家奉上防骗攻略
遇到诈骗只需见招拆招！
网络防骗攻略
电信网络诈骗犯罪往往表现为“六大陷阱”：
1.物美价廉的网购陷阱
2.推销产品的便利陷阱
3.异性交友的情感陷阱
4.中奖信息的惊喜陷阱
5.冒充国家工作人员的恐吓陷阱
6.钓鱼网站和网上银行的迷惑陷阱
下面是网络诈骗中比较常见的几种类型，一起学习如何防范，让骗子无处遁形！
1虚假红包诈骗
临近节日时，各大电商平台会以派发红包的形式，为促销活动预热。有不法分子趁机在微信朋友圈、微信群等平台中，派发虚假红包，诱骗大家点击，套取个人信息，或传播木马病毒，盗取银行账号。
识骗方法：慎点此类红包领取链接，如果不小心点击，应第一时间关闭手机网络，修改网银、支付宝等重要账户密码，并通过安全软件查杀木马病毒。
2二维码诈骗
抢购高峰期，网页打开慢，网银交易出现比较迟钝现象。有不法分子会冒充客服或店主，以单子出现“调单”“卡单”等说法为幌子，故意说没有收到款项欺诈消费者，取得信任后要求消费者以其他办法进行转账。
识骗方法：消费者要注意，调单、卡单、激活订单等多为诈骗术语，见此类词语基本可以断定对方是骗子。没有收到款项这样的问题，是不会在东京、天猫这样的大型网络购物平台出现的。
3钓鱼网站诈骗
节假日期间，公众的购物热情高涨，假冒正规电商官方网站、在线支付平台等的钓鱼网站活动频繁。消费者在忙于浏览各色商品页面时，往往容易忽略链接的安全性，从而误入诈骗分子发来的虚假钓鱼网站。
识骗方法：对陌生人发来的商品链接要提高警惕，谨慎打开。如遇网络诈骗应第一时间向属地公安机关报案，并向举报中心举报。
4虚假客服诈骗
抢购高峰期，网页打开慢，网银交易出现比较迟钝现象。有不法分子会冒充客服或店主，以单子出现“调单”“卡单”等说法为幌子，故意说没有收到款项欺诈消费者，取得信任后要求消费者以其他办法进行转账。
识骗方法：消费者要注意，调单、卡单、激活订单等多为诈骗术语，见此类词语基本可以断定对方是骗子。没有收到款项这样的问题，是不会在东京、天猫这样的大型网络购物平台出现的。
5预购诈骗
还有不法分子会以“提前购”、“预售”为诱饵向用户发送木马链接。除了网购链接被植入木马、钓鱼网站，还有不法分子会在“预售”活动上做文章，骗取买家“定金”。
识骗方法：慎点不明链接，有关购物短信也不要轻信，同时也请给手机装上杀毒软件，提供安全的上网环境。
6中奖诈骗
购物过后，很多人会陆陆续续收到一些商家的中奖信息，切记不要随意拨打中奖信息提供的电话号码或点击发来的网站链接地址，很可能会让手机或电脑感染上木马病毒。
识骗方法：收到中奖信息后留心一下，看一看你所购买的产品中有没有这家的产品，然后最好能在天猫店里直接和卖家联系确认消息。
7朋友圈诈骗
由于缺少第三方监管平台，不法分子会在朋友圈发布虚假低价购物信息，骗取消费者汇款购买。
识骗方法：朋友圈里的销售行为，存在取证难，查处难的问题。因此建议大家在朋友圈买东西时，尽可能选择正规第三方支付平台进行支付，避免直接支付，以确保安全。
8快递诈骗
不法分子会从非法渠道获得客户信息，制作假的快递单，随后冒充快递员提前联系受骗者，把虚假货品送到消费者手中，骗取钱财。
识骗方法：签收包裹前，务必按官方的信息核实对方身份，并确认是否是自己的包裹。在取货之后；一定记得把自己的个人信息从包裹上完全抹去；避免个人信息泄露。
9退款诈骗
不法分子常以“退款”或“退货”为由假扮网店客服，要求消费者点击其提供的“钓鱼网站”链接，盗取持卡人的银行密码及动态验证码。
识骗方法：如果接到网上购物退款的电话或短信等信息，一定要谨慎对待，切莫泄露银行卡账号、户名，动态验证码等个人信息。
同时，提醒大家：保护好自己账户信息，遇到情况一定及时报警。
武汉破特大网络诈骗案抓808人:以""内幕消息""骗人
6月12日，武汉市公安局向澎湃新闻通报，该局破获一起特大网络诈骗案。抓获包括卢某、熊某等8名首脑分子在内的涉案人员808名，查扣涉案电脑800余台、手机2000余部、银行卡3000余张。据悉，这是全国打击利用非法互联网金融平台实施诈骗犯罪中，查获涉案人数最多的一起案件。
","{""type"":""新闻"",""site"":""网易热门"",""commentNum"":""1600"",""joinNum"":""16534"",""clickNum"":""0"",""shareNum"":""0"",""url"":""http://news.163.com/17/0614/14/CMT9N8G80001899N.html"",""site_sign"":""wangyi"",""label"":""[]"",""summary"":""武汉千余警察出动 抓获808名俊男靓女全是诈骗犯!,武汉警方 网络诈骗"",""is_hot"":""1"",""imgUrls"":""""}","武汉千余警察出动 抓获808名俊男靓女全是诈骗犯","http://news.163.com/17/0614/14/CMT9N8G80001899N.html"
"89608","吴瞬","中国证券报?中证网","　　6月21日，A股纳入MSCI指数尘埃落定，但当天被寄予厚望的券商股并未扛起反弹大旗。22日，在222只纳入MSCI指数的A股股票中，银行股全线飘红，其中招商银行领涨，涨幅达6.66%。保险股和券商股的表现也可圈可点。在这222只股票中，金融板块的股票数量和总市值占比均位居首位。分析人士指出，银行股股息率高、估值低、收益稳定，对于资金量较大、投资期限较长的资金存在相当大的吸引力。从国际经验来看，纳入MSCI指数后，相关股市的投资者风格将更加稳健，更加偏好业绩稳定、流动性好、风险低的优质蓝筹股。
　　银行股具估值优势
　　6月22日，A股金融股表现强势，板块涨幅达1.19%。据平安证券统计，在222只纳入MSCI指数的A股股票中，金融板块市值占比达41.32%，其中银行、证券和保险子板块的市值占比分别为27.30%、7.75%和6.24%。
　　多家券商研究报告认为，银行等金融股受到纳入MSCI指数的提振，未来更多境外资金将进入金融股。
　　华泰证券表示，在纳入MSCI指数之后，A股将迎来约850亿元人民币的增量资金。其中，考虑到222只股票中，金融股市值占比约42%，并且金融股体量大、流动性强、估值低，符合境外资金偏好，有望迎来超过权重的资金比例。预计金融股有望吸引增量资金约350亿元人民币。
　　新富资本证券投资中心研究总监廖云龙认为，银行股脱颖而出的主要原因是低估值。市场预期银行股基本面改善，同时市场整体风格偏保守，偏爱低估值。22日银行股的大涨是市场风格的延续，是投资者对龙头股和对低估值的防御性选择。
　　东方财富choice统计的一季度末QFII重仓股数据显示，银行股是QFII关注的重点之一。在前五十大重仓股中，北京银行、南京银行、宁波银行、上海银行榜上有名。
","{""type"":""市场"",""site"":""中证网"",""commentNum"":""0"",""joinNum"":""0"",""clickNum"":""0"",""shareNum"":""0"",""url"":""http://www.cs.com.cn/gppd/201706/t20170623_5338024.html"",""site_sign"":""Cs"",""label"":"""",""summary"":"""",""is_hot"":""0"",""imgUrls"":""""}","纳入MSCI指数 A股长期配置价值提升","http://www.cs.com.cn/gppd/201706/t20170623_5338024.html"
"89607","","证券时报网","　　证券时报网（www.stcn.com）06月23日讯
　　据上证报道，6月初以来，创业板指数明显强于上证综指，一时间关于蓝筹行情将向成长股行情切换的预期再起。但多位私募人士表示，蓝筹股与成长股这两年并非绝对的此消彼长。本轮蓝筹股上涨行情的主要推动力就是业绩成长，而业绩与估值匹配才是王道。上述私募人士依然看好成长性突出的蓝筹股。
","{""type"":""市场"",""site"":""中证网"",""commentNum"":""0"",""joinNum"":""0"",""clickNum"":""0"",""shareNum"":""0"",""url"":""http://www.cs.com.cn/gppd/201706/t20170623_5338165.html"",""site_sign"":""Cs"",""label"":"""",""summary"":"""",""is_hot"":""0"",""imgUrls"":""""}","私募：蓝筹风格难切换 业绩估值相配是王道","http://www.cs.com.cn/gppd/201706/t20170623_5338165.html"
"89606","","证券时报网","?
　　巨丰早评：市场将再次探底
　　【巨丰观点】
　　周四大盘冲高回落，2500余只个股下跌。上证50、沪深300指数顽强收红。早盘大盘低开高走，展开反弹，沪指冲破120日均线压力位；午后大盘跳水，个股普跌。盘面上，保险、电力、银行、民航机场、券商、房地产、人工智能、迪士尼、网络安全等板块涨幅居前。雄安新区、福州新区、医疗器械、丝绸之路等跌幅居前。
　　金融股全线大涨：保险板块涨3%：新华保险、中国太保、中国人寿涨4%，中国平安涨2%；西水股份、天茂集团盘中大涨7%以上。银行板块涨2%：招商银行大涨8%，贵阳银行、兴业银行、浦发银行、兴业银行等涨幅居前。金融股是A股纳入MSCI指数的受益者，后市可以逢低关注。
　　盘中万达电影、复星医药等白马股闪崩，导致午后市场出现大幅跳水。盘后消息，银监会于6月中旬要求各家银行排查包括万达、海航集团、复星、浙江罗森内里在内数家企业的授信及风险分析，排查对象多是近年来海外投资比较凶猛、在银行业敞口较大的民营企业集团。
　　巨丰投顾认为自5月以来，大盘已经走出了3重底的走势，并开启中级反弹行情。沪指在上证50及白马股推动下率先反弹，但遭遇60日、120日均线强压力而出现调整。MSCI纳入A股后，沪深300指数创17个月新高，但2500余股下跌，市场分化明显。随着6月末市场流动性紧张的可能出现，市场将再次出现探底。建议投资者重点关注半年报大幅预增的错杀股和具备估值优势的大蓝筹。
　　天信投资：尾盘跳水原因揭秘 伏击的品种曝光
　　周四市场点评：
　　沪深两市早盘纷纷低开，但是开盘之后权重板块崛起，其中保险和银行表现尤其明显，低矮动股指快速拉升，并顺势突破了60日均线和半年线的束缚；在主板拉升的过程中，市场的分化格局也较明显，题材板块和创业板表现相对较弱。不过虽然市场在早盘的上攻，但是成交量萎缩明教明显，所以这种上涨比较虚。果不其然，午后个股再度纷纷杀跌，同时股指也是顺势回落，沪市的半年线得而复失，形成长长的上影线；而创业板股指在回落的过程中失守5日均线的支撑。整体上周四市场全天保持宽幅震荡走势，尤其是沪市冲高回落。保险、银行、中字头、举牌等品种涨幅居前；钛金属、区块链、雄安新区、民营医院等品种领跌。
　　今日市场预测：
　　在周三收市的评论中，我们指出周四市场会出现阶段性的普涨行情，而周四早盘三大股指齐齐上涨，即使创业板股指涨幅较小，但是市场确实也给我们呈现的普涨格局。但是午后的跳水，包括创业板股指先下跌，随后沪指尾盘的快速下杀，使得市场从普涨瞬间到普跌，市场的大起大落来的非常刺激。从三大股指周四呈现给大家的K线组合来看，预计今日市场齐跌的概率较大，不过创业板合格题材板块或具备一定的抗跌性。
　　短期行情判断：
　　从大的环境上来看，市场目前本身不具备大面积和大空间的反弹基础，因为目前无论是从宏观面、货币基本面或者从国际经济和政治的角度来看，都不具备这样的条件，所以反应到市场中来，只能是结构性、局部性的投机性机会。而最近半个月以来，市场的走势也确实符合局部性、结构性投机的走势。
　　周四市场沪指形成带长长上影线的倒锤阴线；创业板股指形成的是跌破5日和10日均线的中阴线，这种类型的K线形态，几乎都是市场开始调整的先兆，所以短期市场而言，悲观的情绪或升温。
　　后市投资建议：
　　短期建议投资者一定要控制好自身的仓位。中期继续看好题材板块的崛起，特别是次新股、高送转、重组股等等可以不断的去伏击，依旧具备超跌反弹的性质。
","{""type"":""市场"",""site"":""中证网"",""commentNum"":""0"",""joinNum"":""0"",""clickNum"":""0"",""shareNum"":""0"",""url"":""http://www.cs.com.cn/gppd/201706/t20170623_5338237.html"",""site_sign"":""Cs"",""label"":"""",""summary"":"""",""is_hot"":""0"",""imgUrls"":""""}","早间机构看市：市场将再次探底 两类股逢低布局","http://www.cs.com.cn/gppd/201706/t20170623_5338237.html"
"89605","","中国新闻网","中新网6月19日电 据外媒报道，美国底特律一名男子1976年因为一根头发被定谋杀罪，监禁41年后，终于在协助下成功洗刷罪名，于本月15日获释。
据悉，61岁的沃金斯被控在1975年抢劫25岁女子伊薇特，并将其枪杀。当年20岁的沃金斯被警方逮捕，最后被以一级谋杀罪定罪，而他被定罪的关键仅是在现场的一根头发。
西密西根大学库利法学院的“清白项目”为了协助更多蒙受冤狱之苦的受刑人，积极帮助沃金斯，发现当年警局实验室的分析师基于在现场找到的一根头发，而认定该案与沃金斯有关。
清白专案总监马拉米契尔说，根据头发定罪不是建立在科学的基础上。该组织今年1月要求法院撤销沃金斯的定罪。
沃金斯等待41年后终于真相大白，被获撤销罪名后，走出底特律下城的韦恩郡监狱。他说：“这真梦幻，令人难以置信，但我感觉很好，我早料到有这一天，但想不到要等41年那么长。”
免责声明：本文仅代表作者个人观点，与环球网无关。其原创性以及文中陈述文字和内容未经本站证实，对本文以及其中全部或者部分内容、文字的真实性、完整性、及时性本站不作任何保证或承诺，请读者仅作参考，并请自行核实相关内容。
","{""type"":""国际新闻"",""site"":""环球"",""commentNum"":""0"",""joinNum"":""0"",""clickNum"":""0"",""shareNum"":""0"",""url"":""http://world.huanqiu.com/hot/2017-06/10866136.html"",""site_sign"":""huanqiu"",""label"":"""",""summary"":""中新网6月19日电据外媒报道，美国底特律一名男子1976年因为一根头发被定谋杀罪，监禁41年后，终于在协助下成功洗刷罪名，于本月15日获释。据悉，61岁的沃金斯被控在1975年抢劫25岁女子伊薇特，并将其枪杀。当年20岁的沃金斯被警方逮捕，最后被以一级谋杀罪定罪，而他被定罪的关键仅是在现场的一根头发。"",""is_hot"":""0"",""imgUrls"":""""}","因为犯罪现场的一根头发，他坐冤狱41年后终获释","http://world.huanqiu.com/hot/2017-06/10866136.html"
"89604","申玉彬 整理","中国证券报?中证网","　　曹先生：风格转换前的阵痛
　　今日早盘两地低开，之后一度震荡走高，领涨的仍然是上证50指数。临近午盘，大盘出现跳水，前市三大股指均告收绿。
　　今日早评指出“创业板目前还没有回踩到位，所以今日还需要继续调整一下。今日主要是一个探底企稳的走势”。对于今天大盘继续探底我们有心理预期，但是以这种尾盘跳水的形式来展开调整，倒是出乎意料。
　　由于跳水的原因，今天早上估计大家心情都不会太愉快，我以为这只是风格转换前的阵痛，更何况我们本就做好了今天探底的准备。已经埋伏进中报预期股的朋友可以不用理会目前大盘，有资金的建议继续逢低吸纳。
　　今天早盘沪深两市小幅低开后，略有冲高，后回后震荡回落，沪指回踩3138年后在权重板块带动下指数企稳回升，沪指在上冲3150点后出现一波快速跳水，早盘沪深两市出现了小幅调整的格局。板块上太白粉，石墨烯，前海概念深海通等涨幅居前。宁夏板块，可燃冰，机场，民航游戏等板块调整就行。板块整体来说，部分板块开始走强，但是多数板块还是呈现整理格局。后市指数还需要反复整理，各板块才会有更多的机会。基本上早盘收出一颗小阴线，指数收在均线附近，从技术上看，目前日线的kdj指标和macd指标呈现调整趋势，目前需要放量指数才能进一步站稳均线，不过目前技术上呈现调整格局。
　　今天早盘盘面震荡就后，临近中午收盘跳水，从早盘盘面表现上看，目前指数在3150点附近依然有资金出局。之前的指数上从3150后也是跳水，和今天早盘走的几乎相似。这完全可以说明目前的小反弹只是超跌反弹趋势还是走弱。另外，今日周五在没有利好政策出来前，盘面调整属于正常，但应该不会调整太多。不过投资者需要小心。小心午后盘中继续跳水，因为目前场内资金已经松动。在外，在没有利好的消息下，场内资金会不断的震荡出局。所以午后继续观望不动，等下周初再说。
","{""type"":""市场"",""site"":""中证网"",""commentNum"":""0"",""joinNum"":""0"",""clickNum"":""0"",""shareNum"":""0"",""url"":""http://www.cs.com.cn/gppd/201706/t20170623_5338901.html"",""site_sign"":""Cs"",""label"":"""",""summary"":"""",""is_hot"":""0"",""imgUrls"":""""}","博友午评：风格转换前的阵痛","http://www.cs.com.cn/gppd/201706/t20170623_5338901.html"
"89603","","国际在线","6月21日，MSCI在官网发布公告称，从明年6月起将中国A股纳入MSCI新兴市场指数和MSCI ACWI全球指数，这恐怕是近半年来中国资本市场上最令人振奋的消息。
A股早在2013年6月就已纳入新兴市场指数的候选列表中，但此后几年，都因为配额分配、资本流动限制、资本利得税等所谓原因而遭否决，尤其是在2016年第三次闯关失败后，中国投资者和相关监管部门似乎对“A股入摩”已心灰意冷，甚至连证监会分管国际合作的副主席方星海都在今年一月份的时候表示，“中国与MSCI在股指期货上的观点存在分歧，中国并不急于加入MSCI全球指数”。
然而事情最终出现了转机，今年3月，MSCI提出纳入A股的新方案——将A股的权重由原计划的1%降低至0.5%，并将指数纳入A股的数量由原来计划的448只减至169只，这一举动其实已经预示了A股今年大概率“入摩”。从6月21日宣布的结果来看，相比3月份的调整可以说还有惊喜，最终确定的权重为0.73%，股票数量为222只。
就具体的时间表而言，MSCI新兴市场A股纳入计划分两步走，第一步是在2018年5月按2.5%的指数纳入因子（index inclusion factor）给予A股0.37%的权重，第二步是在2018年8月按5%的因子将权重提高至计划的0.73%。从现在到A股正式进入MSCI新兴市场指数尚有一年时间，因此短期来看，这一事件不会马上起到提振国内股市的作用。另一方面，大部分机构预计本次“入摩”将为中国带来约1000亿美元的资金流入。相比于标的公司近2万亿美元的市值来说，这些资金并不能在市场上掀起太大的涟漪，只有当纳入因子进一步提高时（根据MSCI在2016年提出的A股纳入计划，纳入因子达到100%时，A股的权重将达到18.1%），“入摩”才可能在资金面上直接对A股市场有重大利好。
除了股价上的利好，“入摩”更重大的意义在于其给国内资本市场改革带来机遇与动力。MSCI在做出纳入决定前，需要广泛咨询国际机构投资者，这些投资者能够在全球范围内进行资产配置，他们最擅于比较各个国家的投资环境、资本市场对外资的友好程度。此前A股屡次碰壁就是因为国内金融市场上的QFII配额限制、QFII每月资本赎回限制、大面积股票停牌以及交易所需对A股相关金融产品预审等过多的管制与不确定性，给海外机构投资中国市场设下实质障碍，也让海外机构担心投入中国的资金的安全性。这种情况下，海外机构毫无疑问会选择“用脚投票”，避免参与中国市场。现在随着沪港通、深港通的开通，交易所产品预审的放松等，A股市场终于得到了国际机构的初步认可。想要“乘胜追击”，进一步吸引境外投资者，资本市场无疑还需要进一步的改革，否则可能错失好不容易打下的良好局面。
","{""type"":""观点滚动"",""site"":""参考消息"",""commentNum"":""0"",""joinNum"":""0"",""clickNum"":""0"",""shareNum"":""0"",""url"":""http://column.cankaoxiaoxi.com/plgd/2017/0623/2143035.shtml"",""site_sign"":""Cankaoxiaoxi"",""label"":"""",""summary"":"""",""is_hot"":""0"",""imgUrls"":""[]""}","MSCI闯关成功会是A股的一针强心剂吗？","http://column.cankaoxiaoxi.com/plgd/2017/0623/2143035.shtml"
"89602","费天元","中国证券网","　　中国证券网讯（记者 费天元）沪深两市周五临近午盘出现快速跳水，沪指连续跌穿5日、10日及20日均线。截至午间收盘，上证指数报3124.23点，下跌0.74%；深证成指报10219.41点，下跌0.45%；创业板指报1780.20点，下跌1.01%。
　　盘面上，部分地产板块权重股早盘异动，万科A上涨6.58%，保利地产上涨2.50%。石墨烯板块表现强势，碳元科技涨停，中科电气上涨8.39%。钛白粉板块同样涨幅靠前。
　　跌幅方面，可燃冰概念领跌，恒泰艾普下跌8.90%，石化机械、潜能恒信跌逾6%。网络游戏板块深度回调，天沃科技下跌8.34%，天润数娱下跌6.49%。雄安概念重挫，中持股份、京汉股份等跌逾7%。粤港澳、上海国资板块同样跌幅靠前。
","{""type"":""市场"",""site"":""中证网"",""commentNum"":""0"",""joinNum"":""0"",""clickNum"":""0"",""shareNum"":""0"",""url"":""http://www.cs.com.cn/gppd/201706/t20170623_5338869.html"",""site_sign"":""Cs"",""label"":"""",""summary"":"""",""is_hot"":""0"",""imgUrls"":""""}","地产股拉升难阻市场颓势 三大指数早盘集体跳水","http://www.cs.com.cn/gppd/201706/t20170623_5338869.html"
"89601","","solidot@","九成以上的源包用逐位对应的方式构建，未来版本的 Debian 还将提供验证包的工具和元数据；X 显示系统不再需要 root 权限运行；GnuPG 经典版本将被淘汰，引入的现代版本增加了椭圆曲线加密，改进默认设置，模块化架构，改进智能卡支持；改进 UEFI 支持等。
软件方面的变化包括：Apache 2.4.25、Chromium 59.0.3071.8、Firefox 45.9、GIMP 2.8.18、更新版的 GNOME 3.22、GnuPG 2.1、LibreOffice 5.2、Linux 4.9、MariaDB 10.1、PHP 7.0....更详细清单见发布公告。
","{""type"":""软件"",""site"":""cnbeta"",""commentNum"":""12"",""joinNum"":""5844"",""clickNum"":""5813"",""shareNum"":""0"",""url"":""http://www.cnbeta.com/articles/soft/623605.htm"",""site_sign"":""cnbeta"",""label"":"""",""summary"":""Debian 发行版宣布正式释出代号为 Stretch 的 Debian 9，该版本将提供五年的支持。Stretch 将专门献给于 2015 年 12 月 28 日去世的项目创始人 Ian Murdock。Stretch 的主要变化包括：默认 MySQL 变种改为 MariaDB；Firefox 和 Thunderbird 替代去品牌名的版本 Iceweasel 和 Icedove；"",""is_hot"":""2"",""imgUrls"":""http://static.cnbetacdn.com/thumb/mini/article/2017/0618/ce18b298f9bbde6.jpg""}","Debian 9 Stretch 发布","http://www.cnbeta.com/articles/soft/623605.htm"
"89600","","新华网","国歌法草案首次提请最高立法机关审议
点击图片进入下一页
新闻：十二届全国人大常委会第二十八次会议22日首次开始审议国歌法草案。草案对应当奏唱国歌的场合，国歌标准曲谱的审定、发布和使用，奏唱礼仪规范以及不得奏唱、播放国歌的场合等做出规范。草案规定，在公共场合，恶意修改国歌歌词或者故意以歪曲、贬损方式奏唱国歌，损害国歌庄严形象的，由公安机关处以十五日以下拘留。（新闻来源：新华社）
点评：国歌代表了一个国家的气质，也是一个国家的象征。为国歌立法，不仅有助于推动实现国旗、国徽、国歌等国家象征标志物立法的完整统一，而且有助于纠正现实中存在的种种不规范国歌使用状况，有力捍卫国歌应有的严肃性和神圣性。
刘洪滨代言假药月销售额近百万元
点击图片进入下一页
新闻：近日，一位名叫刘洪滨（“滨”有时写作“斌”）的“老专家”被发现多次在各大电视台的“健康医药”节目中，参与推广的药品、功效也是五花八门。有时是苗医传人，有时是蒙医传人，偶尔还会客串一下北大专家和医院退休的老院长……由于刘洪滨出现在电视画面中的身份完全不同，也被网友戏称为“虚假医药广告表演艺术家”。（新闻来源：北京青年报）
","{""type"":""观点滚动"",""site"":""参考消息"",""commentNum"":""0"",""joinNum"":""0"",""clickNum"":""0"",""shareNum"":""0"",""url"":""http://column.cankaoxiaoxi.com/plgd/2017/0623/2143254.shtml"",""site_sign"":""Cankaoxiaoxi"",""label"":"""",""summary"":"""",""is_hot"":""0"",""imgUrls"":""[http://upload.cankaoxiaoxi.com/temp/2017/0623/1498202937977.jpg, http://upload.cankaoxiaoxi.com/temp/2017/0623/1498202937304.jpg]""}","[及时点]我们不需要“百变老太太”","http://column.cankaoxiaoxi.com/plgd/2017/0623/2143254.shtml"
"89599","张怡","中国证券报?中证网","　　中证网讯 （本报记者 张怡）今日，三板做市指数继续低开下行，盘中最低触及1057.91点，刷新本轮调整新低，中午收盘时下跌0.18%收于1057.97点，成交额为9293万元，环比小幅放量。
　　成交方面，今日新三板中共有10只新三板个股的成交额超过千万元，其中，百姓网的成交额最高，达到1.65亿元；京源环保和华腾教育的成交额也均超过2000万元。
　　涨跌幅方面，滴滴集运的涨幅最高，半日上涨400%，收于5元；此外，共有包括朗源科技、白水农夫、万杰智能等9只个股的涨幅达到100%；相对而言，共有包括百乐米业、中源股份、一森园林等在内的8只个股跌幅均为50%。
","{""type"":""市场"",""site"":""中证网"",""commentNum"":""0"",""joinNum"":""0"",""clickNum"":""0"",""shareNum"":""0"",""url"":""http://www.cs.com.cn/gppd/201706/t20170623_5338894.html"",""site_sign"":""Cs"",""label"":"""",""summary"":"""",""is_hot"":""0"",""imgUrls"":""""}","新三板午评：三板做市指数刷新阶段低点","http://www.cs.com.cn/gppd/201706/t20170623_5338894.html"
"89598","周佳 整理","中国证券报?中证网","　　提示声明：
　　本文涉及的行业及个股分析来源于券商研究报告，仅为分析人士对该行业及个股的个人观点，不代表中证网观点，不作为投资者买卖股票的依据，股市有风险，投资须谨慎。
　　1、汽车及零部件行业2017年中期策略：分化凸显领军自主 电动智能贯穿汽车变革
　　报告摘要:
　　整车,预计下半年回暖同时自主分化趋势延续。上半年乘用车整体表现偏淡,前5月同比增长3.2%,增速放缓的主要原因在于购置税优惠政策调整导致部分需求预支以及部分消费人群热情削弱。预计下半年乘用车销量回升,全年增速有望实现5%-7%,主要在于1)中长期,居民购买力持续攀升将保持市场消费力和意愿维持旺盛状态;2)短期,7.5%的购置税优惠政策仍有刺激作用。同时,前5月自主品牌依旧强势,市占率较2016年底再提升1pp,一线自主如吉利、上汽自主、广汽自主前5月累计销量增速分别达89%、119%、61%,远高于整体增速,更强于二三线自主,由于一线自主竞争力强,且乘用车市场短期不会恢复火爆局面,我们认为这一阶段自主品牌分化将延续,竞争格局将更明朗。
　　零部件,自主共振和国产替代的成长路径将更清晰。自主共振型的零部件厂商,因为各类原因发展历程相对缓慢,但由于配套近年崛起迅速的领军自主,从而销量、利润,进而研发、管理都将得到快速提升,经过升级迭代将直面三资竞争对手。这个路径上,配套量(绑定快速成长的自主车企)和单车配套价值量方面(专注于高附加值零部件)能得以提升零部件商将更为受益。国产替代型的零部件厂商,一般早年在合资车企或大型三资一级供应商的扶持下供应合资车企,数年以来研发、管理体系都逐渐健全。其中的佼佼者不仅可以对内继续拓展自主客户,对外还可以继续向海外客户延伸。由于同时具备技术实力、成本优势、中国企业独特的灵活性,成功的可能性非常大。这一类公司目前多是细分领域龙头,并体现出强者愈强的趋势。
　　电动化、智能化持续贯穿汽车变革,近期建议关注全球新能源汽车市场同步增长的趋势,同时今年将是全球范围内的爆款车元年,建议把握以特斯拉为首的爆款车产业链投资机会。电动化方面,2017年1-5月新能源汽车累计产量13.0万辆,同比增长12%。其中新能源商用车市场还未完全启动,但随客车的夏季需求小高峰到来、电动物流车商业模式重新确定需求,预计新能源商用车需求将从三季度开始平稳启动。上半年新能源乘用车销量保持增长,非限购城市的需求持续出现。建议把握全球新能源市场同步增长的趋势,重点关注今年新能源乘用车爆款车及其产业链机会,尤其特斯拉产业链。6月起特斯拉Model 3的量产预期,以及明年巨头的加入预期将持续带来催化效应。智能化方面,2017年上半年智能驾驶领域政策继续完善,支持力度延续,但各大巨头开始集结站队,形成不同阵营。目前智能驾驶正在步入订单验证阶段,以摄像头和雷达为主的预警类ADAS 有望优先放量,坚定看好执行端企业布局智能驾驶领域。
　　投资建议:
　　2017年下半年汽车行业处于自主分化加剧与电动智能带来的双变革中。
　　整车方面,在自主车企产品力、品牌力持续提升的同时,伴随着分化加剧,推荐一线自主标的【吉利汽车H+上汽集团+广汽集团H】,建议关注众泰汽车以及经销商标的广汇汽车。
　　零部件方面,自主共振类型的供应商有望实现量价齐升,国产替代类型的供应商将强者愈强,推荐优质零部件标的【拓普集团+新泉股份+精锻科技+新坐标+万里扬】,建议关注宁波高发、星宇股份、奥特佳。
　　新能源汽车方面,建议关注全球新能源汽车市场同步增长的趋势,同时今年将是全球范围内的爆款车元年,建议把握以特斯拉为首的爆款车产业链投资机会。
　　推荐特斯拉产业链标的【拓普集团】,以及新能源整车企业【众泰汽车、江淮汽车】,建议关注特斯拉产业链标的广东鸿图。
　　智能网联方面,目前智能驾驶正在步入订单验证阶段,坚定看好执行层投资机会,建议关注智能化标的拓普集团、网联化标的宁波高发。
　　风险提示:宏观经济走弱、汽车消费情绪转淡、新能源政策执行力度低于预期、智能网联汽车订单落地低于预期。（天风证券 崔琰）
","{""type"":""市场"",""site"":""中证网"",""commentNum"":""0"",""joinNum"":""0"",""clickNum"":""0"",""shareNum"":""0"",""url"":""http://www.cs.com.cn/gppd/hyyj/201706/t20170623_5338946.html"",""site_sign"":""Cs"",""label"":"""",""summary"":"""",""is_hot"":""0"",""imgUrls"":""""}","机构解析：下周热点板块及个股探秘（附股）","http://www.cs.com.cn/gppd/hyyj/201706/t20170623_5338946.html"
"89597","","泡泡网","　　原标题：叙利亚被“袭机”事件惹怒俄罗斯 警告将瞄准美战机
　　海外网6月19日电 当地时间6月19日，俄罗斯国防部对美国军方击落叙利亚飞机一事作出反击，宣布停止执行俄美两国签署的“在叙飞行安全备忘录”，并称以后美国领导的国际联军所有的战机，都是俄罗斯军方监控与瞄准的目标，叙利亚局势进一步复杂化。
　　据纽约时报消息，由于美国军方今日击落了一架叙利亚军机，俄罗斯国防部发布消息，自6月19日起暂停执行俄美间在叙利亚领空“防止空中事件和保障行动期间飞行安全”的相互谅解备忘录。要求美方指挥部对此事件进行彻查，结果与俄方共享。
　　公告称：“俄空军在叙利亚领空执行任务的地区里，幼发拉底河西岸发现的任何飞行物，包括美国领导的国际联军的飞机和无人机，都将是俄罗斯军方地面和空中防空武器监控与瞄准的目标。”
　　据叙利亚军方声明，当地时间6月19日，一架政府军机正前往拉卡（Raqqa）市，准备对盘踞于此的IS武装分子进行打击，却突然遭到美军袭击，飞行员至今失踪。声明称：“这次袭击发生的时机，是在叙利亚政府及其盟国的军队在与IS恐怖分子的战斗中获得优势的情况下发生的，本来这些恐怖分子已经在叙利亚的沙漠中节节败退。”
　　此次“袭机”事件“惹怒”了俄罗斯，俄罗斯参议院国防委员会副主席弗朗茨·克莱琴谢夫（Frants Klintsevich）称美军的行动是“挑衅行为”，实际上是对叙利亚的“军事侵略”。
　　该部门认为，美军“故意不履行双方2015年签署的“安全备忘录”中规定的义务，因此宣布暂停与美军在该框架下的合作。据报道，该协议一直是美俄两国军队协调在该地区的军事活动的关键。俄罗斯、美国、叙利亚、土耳其等国家在叙利亚的诉求经常是相冲突的，该协议就在其中起到调和作用。在特朗普四月下令袭击叙利亚空军之后，俄方表示将暂停协议，不过几个星期之后又重启，这次时隔两月后再被中断。
　　俄罗斯外长拉夫罗夫在回应记者时也表示，“涉及到叙利亚地面所发生的事情，毫无疑问，我们认为有必要尊重叙利亚的主权和领土完整，这是联合国2254号决议和其他文件规定的。因此，任何地面行动，包括实施军事行动的参与方，需得到大马士革的许可。”（编译/海外网 杨佳）
","{""type"":""军事"",""site"":""新浪"",""commentNum"":"" 95"",""joinNum"":"" 1097"",""clickNum"":""0"",""shareNum"":""0"",""url"":""http://mil.news.sina.com.cn/world/2017-06-20/doc-ifyhfnqa4487212.shtml"",""site_sign"":""sina"",""label"":""[叙利亚, 美军, 战机, 俄罗斯]"",""summary"":""原标题：叙利亚被“袭机”事件惹怒俄罗斯警告将瞄准美战机海外网6月19日电当地时间6月19日，俄罗斯国防部对美国军方击落叙利亚飞机一事作出反击，宣布停止执行俄美两国签署的“在叙飞行安全备忘录”，并称以后美国领导的国际联军所有的战机，都是俄罗斯"",""is_hot"":""0"",""imgUrls"":""""}","美军击落叙战机激怒俄罗斯 俄警告将瞄准美军战机","http://mil.news.sina.com.cn/world/2017-06-20/doc-ifyhfnqa4487212.shtml"
"89596","周佳 整理","中国证券报?中证网","　　提示声明：
　　本文涉及的行业及个股分析来源于券商研究报告，仅为分析人士对该行业及个股的个人观点，不代表中证网观点，不作为投资者买卖股票的依据，股市有风险，投资须谨慎。
　　1、永辉超市：纳入MSCI指数,强供应链优势价值凸显 持续推荐“买入”
　　2017年6月21日永辉超市纳入MSCI指数,受此因素影响,永辉超市大涨8.18%,本篇报告从行业、公司经营以及估值情况分析永辉的投资价值、公司核心竞争力以及增长潜力:消费股进入估值提升的通道,若以16年H1为消费股估值提升的起点,优质的白马消费股估值提升了约30%-50%,如白酒、家电以及家具等,从基本面层面来看,这些行业基本上存在或多或少的行业边际改善,龙头及个股基本面拐点出现,享受行业基本面拐点与估值提升的戴维斯双击,优质的消费股白马股上涨。从市场情绪面角度,大盘持续震荡,可选择投资标的收窄,机构集体“抱团”消费股,如白酒、家电以及家居,贵州茅台PE(2016H1-至今)20XPE-30XPE(新高),格力电器从10XPE上涨到14.2XPE(新高)、老板电器20XPE-32.4XPE(最高)、永辉超市48XPE-46.0XPE(业绩释放)。对于永辉来说,PE(TTM)已经达到46.0倍,那么如何看当前的永辉的估值,买还是卖?永辉基本面如何变化,未来的行业地位如何,适不适合长线拿?此轮超市龙头永辉上涨,我们认为与其它消费股逻辑有共同点,但也有差异点。
　　共同点是市场白马行情催化,永辉作为超市行业龙头享受溢价;不同点是永辉的基本面拐点更大,业绩确定性更高,永辉超市门店迭代升级更具竞争力,核心供应链护城河优化,并持续加宽加深,公司践行合伙人制度见效,净利润增速显著高于收入增速,2017年Q1永辉收入同比13.76%+,归母净利润同比57.55%+。从行业层面来看,永辉超市面对的市场空间足够大,生鲜市场大约9万亿,商超行业生鲜占比大约13%左右,市场规模达到1.17万亿,复合增速大约为13%,而生鲜超市渗透率之所以持续上涨,主要是消费结构的升级,生鲜购买由传统的菜市场转向商超,在中西部地区消费升级特别明显。且16年至今超市行业出现弱复苏,部分具有核心竞争力的商超加快开店的速度,结构分化加速,如高鑫零售、永辉超市等。当前商超生鲜占比不高,2016年生鲜龙头永辉生鲜业务规模200-300亿元,占比不足0.5%,即使放在商超,市占率仍很低,约为3%左右。我们认为未来随着生鲜消费的升级,具备品牌优势的超市的市占率会持续提升,且行业天花板足够高。
　　公司层面来看,永辉积极布局新业态门店,2017年规划新开门店约100家,同比增长约20%+。从生鲜消费升级的趋势,年轻群体如80、90后,商超购买生鲜成为趋势,提升产品品质以及改善消费环境,成为线下零售店、餐饮店提升竞争力的方式,而永辉超市BRAVO精标店契合这种趋势。从经营效果及坪效来看,BRAVO精标店高于红标店(2016年坪效高出10%+)。从消费的路径以及门店迭代的情况,我们看到永辉超市更加年轻化,包括2017年重点作为布局对象的超级物种,“餐饮+超市”的模式更具竞争性及吸引性,依托于自身耕耘的精细化采购优势,在产品品质以及价格方面更具竞争优势。预计今年新开未来新开BRAVO精标店增速18%以上,收入增速保持略高于门店增速。截止2017年6月底,永辉新开BARVO门店约29家,受益于4、5月份节日影响,同店增长较好,预计2017H1业绩获将超预期。
　　精细化的运作方面更具竞争优势,龙头永辉仍具备成长空间。沃尔玛规模优势起来时,EBITAMargin大约在5.5-6.0%左右,而永辉超市的EBITAMargin为4.7%左右,处于提升通道,但对于规模化的龙头企业来看,仍具备提升空间。零售行业是个精细活,规模优势以及激励机制对于零售公司的盈利能力提升特别重要,永辉从两个角度提升自身的经营效率:一是精选优质的SKU,16年淘汰2万SKU,二是淘汰15%的供应商。而我们知道,成熟的欧美国家一般是严选消费模式,即SKU不是太多,但产品品质比较好,永辉的精选SKU模式符合消费趋势,同时对于公司来说减少了采购成本。在激励政策方面,永辉提升员工积极性,以赛马制促进良性竞争,提升收入规模以及人均创收,2016年见效特别明显,人均创收提升大约24.67%,薪酬费用率大幅降低,对于公司整体费用率降低大有裨益。我们看到这种合伙人制度,不仅提升收入规模,而且提升了公司的经营效率,背后体现的是公司对供应链精细化管理的把控能力。
　　投资建议:上调目标价至8.01元,维持“买入”评级。估值层面,纵向对比来看,公司历史PE估值中枢大约30倍左右,按照A股消费股提升的逻辑来看,估值相较于历史提升30%-50%,那么永辉超市PE(TTM)合理区间应该在40-45XPE的区间,按照我们的预测,永辉超市2018年有望实现净利润约21.89亿元,当前市值对应2018年估值约为31.78XPE倍,估值提升的空间仍具备较大潜力。且对标好市多、沃尔玛等国外零售巨头,历史开店增速最高时,估值大约为35-40倍,亚马逊收购全食超市的PE为33倍。考虑到行业空间足够大,且对于全国化零售龙头公司永辉超市鲜有竞争对手,业绩增长确定性更高,市占率稳步提升,我们认为永辉超市合理的估值应该在35XPE-40XPE区间。我们预计2017-2019年公司实现营业收入611.97/736.99/869.52亿元,同比增长24.31%/20.34%/17.98%。实现净利润约为17.55/21.89/27.46亿元,同比增长41.33%/24.73%/25.42%,当前市值对应2017-2019年PE约为39.64/31.78/25.34倍。考虑公司强劲的内生增长动力以及外部拓展空间,给予2018年35XPE,上调目标价至8.01元,维持“买入”评级。（中泰证券 彭毅）
","{""type"":""市场"",""site"":""中证网"",""commentNum"":""0"",""joinNum"":""0"",""clickNum"":""0"",""shareNum"":""0"",""url"":""http://www.cs.com.cn/gppd/tzpj/201706/t20170623_5338904.html"",""site_sign"":""Cs"",""label"":"""",""summary"":"""",""is_hot"":""0"",""imgUrls"":""""}","机构推荐：下周具备布局潜力金股","http://www.cs.com.cn/gppd/tzpj/201706/t20170623_5338904.html"
"89595","","威锋网@http://www.feng.com/","就在这几天，一位微博名为“摩卡 RQ ”的手机、芯片、移动互联网三界知名独立评论人爆料称，OPPO 之所以供货能力强，主要是因为单项目量大，付款好，计划负责不拍脑袋，不惦记偷供应商技术，不瞎砍价，没有各种脑残流程，没有暗箱操作，还经常请供应商吃饭。
该业内人士表示，“整个手机供应链除了海思以外基本都匍匐在OV面前求临幸，为啥？单项目量大/付款好/计划负责不拍脑袋/不惦记偷供应商技术/不瞎JB砍价/没有各种脑残流程/没有暗箱操作，这样的客户谁不拼死供货就是作死。而且这两家公司上上下下的员工都很nice，讲规则讲道理不耍大牌，还经常请供应商吃饭。有家高端物料供应商直接说：除了OV，其他有多少余力做多少。”
他还举例称，“我们楼下小胖子以前听我布道，都把这一套用在烧烤店进货，他说他愿意贵点买好食材，每天需求稳定，现结，送货小弟来伙计都递烟，最缺生蚝的时候他店里还能有得卖。大道至简。”
对此 iSuppli Corp 分析师 “Kevin王的日记本”??表示赞同，“说得好！OPPO供应链的人和供应商保持高度合作态度，不会欺凌供应商。他们职业操守好，不会像一些大厂会有员工因贪污被送进监狱。他们都很nice而且虚心好学，不会像某些大厂的老资格一上来就屌你。将来苹果三星都向供应链上游扩张，什么东西都自己做。OPPO等优质客户就是供应商的至宝。”
不过，另一行业分析师孙昌旭认为说得不对，她认为华为做得更好，并反驳称，“但是，OPPO 在引进新供应商上还是比较保守的。这一点，华为做的最好。只有自身研发能力足够强大，才敢不断引进新供应商新技术。所谓与供应商共同成长，不仅是在他们已经长大的时候，如果能在他们弱小的时候，就帮助一把，才能做到真正共同成长。真正的领袖企业，与供应商都是互帮互助成长的。ov加油！”
","{""type"":""科技"",""site"":""cnbeta"",""commentNum"":""56"",""joinNum"":""18824"",""clickNum"":""18760"",""shareNum"":""0"",""url"":""http://www.cnbeta.com/articles/tech/623607.htm"",""site_sign"":""cnbeta"",""label"":"""",""summary"":""两天之前，OPPO 全新智能手机 R11 正式销售，仅发售 40 分钟，线上总销量已经超过 R9s 线上首销全天销量，而且是现货销售。关键是，为了满足本次“爆款”首发销售，OPPO 在上个月底已经准备了 200 万的库存量。因此，很多人问为何 OPPO 可以备货那么多，像小米就是长期无货呢？"",""is_hot"":""2"",""imgUrls"":""http://static.cnbetacdn.com/thumb/mini/article/2017/0618/13fee3686df4c29.png""}","业内人士解释为什么OPPO供货能力强无敌","http://www.cnbeta.com/articles/tech/623607.htm"
"89594","张怡","中国证券报?中证网","　　中证网讯 （本报记者 张怡）与此前两日蓝筹股强势格局不同，周五，A股市场主要指数低开之后震荡上扬，不过接近中午收盘时突然大幅跳水，仅有房地产板块微涨，主要指数均回落翻绿，创业板指跌幅超过1%。
　　至中午收盘，上证综指下跌0.74%收于3124.23点，深证成指下跌0.45%收于10219.41点，创业板指下跌1.01%收于1780.20点，中小板指下跌0.34%收于6731.24点，沪深两市成交额分别为914.46亿元和1208.16亿元，环比小幅放量。
　　行业方面，29个中信一级行业中，中午收盘时仅有房地产这一个行业收红，上涨0.53%。相对而言，家电、食品饮料、煤炭等板块跌幅较小，下跌均未超过0.4%；而交通运输、传媒、计算机、纺织服装和国防军工等板块的跌幅均超过1%。
　　概念方面，中午收盘时仅有石墨烯和冷链物流指数收红，分别上涨0.83%和0.27%；相对而言，雄安新区、页岩气和煤层气、特斯拉、可燃冰等板指数的跌幅均超过2%。
　　总体来看，此前两个交易日蓝筹股表现较强，但是短线增量资金没有入场的情况下，存量博弈使得虹吸效应再现，中小盘题材股连续下跌。不过当前市场并不存在持续大幅下跌的基础，短线下跌或许会创造低吸良机。
","{""type"":""市场"",""site"":""中证网"",""commentNum"":""0"",""joinNum"":""0"",""clickNum"":""0"",""shareNum"":""0"",""url"":""http://www.cs.com.cn/gppd/201706/t20170623_5338895.html"",""site_sign"":""Cs"",""label"":"""",""summary"":"""",""is_hot"":""0"",""imgUrls"":""""}","中证午评：A股跳水 蓝筹暂歇热点熄火","http://www.cs.com.cn/gppd/201706/t20170623_5338895.html"
"89593","屠震林 PS040","凤凰体育","北京时间6月20日，江苏苏宁足球俱乐部发布了足协杯第四轮江苏苏宁易购队主场对阵河南建业队的官方海报！6月21日19:35，双方将在南京奥体中心体育场展开较量，争夺足协杯8强的席位。
海报
两队在足协杯中并不陌生，在去年的足协杯4强战中两队就进行了两回合的争夺，最终在常规180分钟内两队3:3战平，苏宁易购队最终通过加时赛，才由吉翔打入绝杀进球晋级。而在今年联赛的首次交手中，两队则是1:1战平。在历史上两队交手23次，苏宁队取得7胜10平6负的成绩，平分秋色。无论从历史还是目前的状态来看，此番足协杯的交手，两队实力在伯仲之间，也都有机会获得晋级机会。
对于苏宁易购队而言，目前在联赛中面临着极大的困境，而在间歇期，苏宁也邀请了名帅卡佩罗执掌教鞭。在卡佩罗的首秀中，苏宁易购队遗憾的0:1落败，未能取得开门红。因此苏宁本场选用了“齐心协力”的主题，在困境之下，全队要团结一致，齐心协力去赢得比赛的胜利，重拾胜利的信心，走上取胜的道路。
","{""type"":""体育"",""site"":""凤凰"",""commentNum"":""1"",""joinNum"":""5"",""clickNum"":""0"",""shareNum"":""0"",""url"":""http://sports.ifeng.com/a/20170620/51284188_0.shtml"",""site_sign"":""ifeng"",""label"":""[]"",""summary"":""北京时间6月20日，江苏苏宁足球俱乐部发布了足协杯第四轮江苏苏宁易购队主场对阵河南建业队的官方海报！6月21日19:35，双方将在南京奥体中心体育场展开较量，争夺足协杯8强的席位。两队在足协杯中并不陌"",""is_hot"":""0"",""imgUrls"":""""}","“齐心协力”--江苏苏宁发布足协杯对阵河南建业海报","http://sports.ifeng.com/a/20170620/51284188_0.shtml"
"89592","","新华网","当地时间2017年6月17日，土耳其马尼萨省，在土耳其第1步兵训练大队司令部军营，590名土耳其士兵疑是食物中毒，在晚饭后出现恶心和呕吐症状，被紧急送往医院救治。土耳其警方随后逮捕了19名相关人员，其中包括为军营提供食物的餐饮公司负责人。
来源：新华网
","{""type"":""国际新闻"",""site"":""环球"",""commentNum"":""0"",""joinNum"":""0"",""clickNum"":""0"",""shareNum"":""0"",""url"":""http://world.huanqiu.com/hot/2017-06/10866176.html"",""site_sign"":""huanqiu"",""label"":"""",""summary"":""土耳其近590名士兵疑食物中毒 被送往医院救治（组图）：当地时间2017年6月17日，土耳其马尼萨省，在土耳其第1步兵训练大队司令部军营，590名土耳其士兵疑是食物中毒，在晚饭后出现恶心和呕吐症状，被紧急送往医院救治。当地时间2017年6月17日，土耳其马尼萨省，在土耳其第1步兵训练大队司令部军营，590名土耳其士兵疑是食物中毒，在晚饭后出现恶心和呕吐症状，被紧急送往医院救治。"",""is_hot"":""0"",""imgUrls"":""""}","土耳其近590名士兵疑食物中毒 被送往医院救治（组图）","http://world.huanqiu.com/hot/2017-06/10866176.html"
"89591","","雷锋网@","今年3月份，王劲从百度自动驾驶事业部任上离职，随后创办景驰科技。在随后的日子里，景驰很快组建起了包括CFO、CTO、首席架构师在内的高管团队：
CFO Qing Lu，中文姓吕，是一名非常资深的CFO。他于2000年从南加大硕士毕业，随后从摩根斯坦利一路到Velodyne，至少有10年时间他前后担任多家美国公司的CFO或者VP Finance。2015年10月，Qing Lu在自动驾驶快速升温的时期加盟Velodyne，随后与王劲一起创办景驰科技；
CTO Tony Han 韩旭，前百度自动驾驶事业部首席科学家、密苏里大学终身教授。韩旭在2007年获得伊利诺伊大学香槟分校的计算机工程博士学位。韩长期活跃在计算机视觉与机器学习领域，曾获 2011 年国际人脸表情识别与分析大赛特定人识别第一名，2012 年国际计算机视觉动作识别大赛第一名， 2013 年 ImageNet 国际物体检测大赛第二名；
Li?Yan，首席架构师。Li Yan是卡耐基梅隆大学电子与计算工程系博士，微软亚洲研究院的前10名员工，后就职于微软美国研究院、Facebook以及神州专车。
上述3人应该都是与王劲共同发起景驰的创始团队。
景驰对外展示的自动驾驶原型车，采用64线激光雷达方案，这也意味着他们会瞄准高速L4级别的自动驾驶。
在今年4月份成立公司后，景驰还先后拿到了洪泰基金、联创投资、启明创投在内一千万美金以上的投资，景驰的动作也非常快，4月份他们已经向供应链发出大额的订单，开启新一阶段的自动驾驶技术研发。目前，景驰团队依然在紧锣密鼓地招聘扩张。
","{""type"":""科技"",""site"":""cnbeta"",""commentNum"":""4"",""joinNum"":""3128"",""clickNum"":""3124"",""shareNum"":""0"",""url"":""http://www.cnbeta.com/articles/tech/623609.htm"",""site_sign"":""cnbeta"",""label"":"""",""summary"":""加州DMV上的自动驾驶路测资质名单又双叒叕更新了：这回是前百度高级副总裁、自动驾驶事业部总经理王劲创办的景驰科技。景驰科技也是加州DMV榜单上第34家拿到加州路测资格的公司，如此一来，这个榜单内具有中国背景的自动驾驶公司也变成了9家——Driva.ai、百度、蔚来汽车、AutoX、Plus.ai、Nuro、Pony.ai、图森和景驰。"",""is_hot"":""2"",""imgUrls"":""http://static.cnbetacdn.com/thumb/mini/article/2017/0618/ddfdda24bea50ea.jpg""}","又一自动驾驶公司拿加州路测牌照 这回是王劲的景驰","http://www.cnbeta.com/articles/tech/623609.htm"
"89590","","新华网","英国与欧盟的“脱欧”谈判于19日正式开始。然而此时，英国首相特雷莎·梅正面临着空前的政治压力。不久前的大选失利让梅饱受诟病，而尘埃未落的伦敦城西“格伦费尔塔”大火激起的民怨，又给梅“火上浇油”。18日，多家英媒爆出，由于对梅失去信任，保守党党内正在酝酿一场“政变”。
英国《每日电讯报》称，议会选举败北后，梅对14日“格伦费尔塔”火灾的无情和迟钝反应令她陷入巨大的政治危险。根据伦敦警方17日公布的数字，至少有58人被推定在火灾中丧生，随着搜寻工作继续进行，这一数字可能还会上升。路透社称，如果数字最终确定，“格伦费尔塔”火灾将成为二战后英国发生的最严重火灾。
英国舆论沉浸在悲伤气氛中的同时，把矛头指向了首相梅的“冷漠”和应对不当。路透社17日称，火灾发生后，英国女王伊丽莎白二世和她的孙子威廉王子16日赴火灾发生地探望灾民和志愿者，女王17日又在自己91岁官方生日庆典上主持了1分钟的默哀仪式，并针对英国近来发生的数起事故“罕见”地呼吁民众“在哀伤中团结起来”。批评者指出，梅在灾后的表现和女王形成“鲜明对比”，显示出梅未能感受到公众情绪，且行动不坚决。
英国“天空新闻网”17日称，梅在事发后视察火灾现场但未慰问灾民备受指责。作为补救，梅16日来到火灾发生地附近的一座教堂与当地居民见面。但抗议者在教堂外大喊“懦夫”“你不受欢迎”等口号，梅只好在警卫护送下匆匆离去。报道称，除英国女王外，工党领袖科尔宾也在第一时间去了现场并探望幸存者，他们的做法与梅形成“鲜明对比”。
17日的英媒报道中充满了对梅的讽刺， 英国《每日镜报》头版以“两位领袖的故事”为题对比了梅和女王的灾后表现，并附上两幅截然不同的照片。一幅显示梅慰问火灾生还者受到警卫严密保护，另一幅则是女王与受灾社区居民亲切交谈的场景。
“梅承认做得不够好”，BBC17日称，为平息怒火，梅当天抽出2小时，在唐宁街会见灾民和志愿者，并主持了一场政府应对火灾的会议。她承诺将亲自监督进行相关公共调查，拿出500万英镑支持灾民，并表示无家可归者将在3周内得到重新安置。
然而，就在17日下午，首相官邸所在的唐宁街爆发了大规模抗议活动。英国《独立报》称，17日下午，大约1000名抗议者出现在唐宁街，高呼“科尔宾上台”“对抗保守党政府”。这场集会原本是抗议梅率领的保守党与爱尔兰民主统一党谈判联合组阁的，但后来加入了许多对梅应对火灾不力不满的民众。
路透社称，梅决定提前大选，又未能让保守党在大选中获得绝对多数，已经让英国陷入自一年前“脱欧”公投以来最深刻的政治危机中。专栏作家、前保守党议员帕里斯认为，现在，梅应对火灾的行动表明，她缺乏判断力，“若无法重建公众信任，这个首相当不久”。
《星期日泰晤士报》18日称，在梅领导的保守党内，人们对梅的信心不断下降，现在一些人甚至已经向她发出最后通牒，要求她在10天内证明她拥有自己所说的“领导能力”，否则就会采取行动赶她下台。报道透露，至少12名保守党议员已打算致函代表保守党后座议员的组织——1922委员会，建议对梅提出不信任动议。《星期日电讯报》18日也引述一些保守党“脱欧”派资深人士的话说，如果梅在即将展开的“脱欧”谈判中，背离原来的“硬脱欧”计划，他们就会立即对梅的领导权提出挑战。“脱欧”派议员警告说，任何让英国留在欧盟内的企图，或任何“偏航”的做法，都将在“一夜之间”触发“政变”。【记者 黄培昭 伊文】
来源：新华网
免责声明：本文仅代表作者个人观点，与环球网无关。其原创性以及文中陈述文字和内容未经本站证实，对本文以及其中全部或者部分内容、文字的真实性、完整性、及时性本站不作任何保证或承诺，请读者仅作参考，并请自行核实相关内容。
","{""type"":""国际新闻"",""site"":""环球"",""commentNum"":""0"",""joinNum"":""0"",""clickNum"":""0"",""shareNum"":""0"",""url"":""http://world.huanqiu.com/hot/2017-06/10866198.html"",""site_sign"":""huanqiu"",""label"":"""",""summary"":""火灾与脱欧炙烤英国首相 特雷莎·梅面临空前政治压力：英国与欧盟的“脱欧”谈判于19日正式开始。英国《每日电讯报》称，议会选举败北后，梅对14日“格伦费尔塔”火灾的无情和迟钝反应令她陷入巨大的政治危险。英国“天空新闻网”17日称，梅在事发后视察火灾现场但未慰问灾民备受指责。"",""is_hot"":""0"",""imgUrls"":""""}","火灾与脱欧炙烤英国首相 特雷莎·梅面临空前政治压力","http://world.huanqiu.com/hot/2017-06/10866198.html"
"89589","","中超球评","中超联赛第13轮比赛已经全部结束，这轮比赛中最让人觉得结果有些出乎意料的，莫过于卡佩罗执教江苏苏宁的主场首秀却以失败告终，在其他球队换帅如换刀的背景下，苏宁却持续陷入低迷，13轮过后只积8分，排名倒数第2，近3年1铁律预示苏宁想保级除非创造奇迹。
就在去年也就是2016赛季，由于中超第21轮被提前，因此中超第21轮比赛结束后也就相当于如今的13轮比赛过后，当时杭州绿城只积9分，山东鲁能由于少赛一场，也积9分，同处降级区，但是鲁能在第13场比赛战平上港，因此13场过后积分应为10分，最终杭州绿城降级，鲁能惊险保级。
再往前推，2015赛季，中超13轮比赛过后，贵州人和与上海申鑫排在倒数第1和第2位，贵州人和积10分，而上海申鑫只有4分，最终这2支球队全部降级，也就是说当时第13轮比赛的降级区球队成为了最终联赛结束后真正降级的2支球队。
然后回到2014赛季，前13轮比赛过后，身处降级区的是哈尔滨毅腾和河南建业两支球队，河南建业已经有10分入账，而哈尔滨毅腾在少赛一场的情况下只积5分，即使算上哈尔滨毅腾第13场比赛能赢，最多也是8分，最终哈尔滨毅腾降级。
从这3年的中超13轮比赛过后的积分榜来看，会发现一个铁律，那就是所有在13轮比赛结束后，还低于10分的球队，最终全部降级，无一幸免。如今江苏苏宁在13轮过后竟然只获得了1场胜利，积分只有8分，接下来的比赛除非创造奇迹打破这三年来的铁律，才可能保级，苏宁从现在开始真的是为保级而战了！（老邱中超球评）
","{""type"":""体育"",""site"":""凤凰"",""commentNum"":""0"",""joinNum"":""0"",""clickNum"":""0"",""shareNum"":""0"",""url"":""http://sports.ifeng.com/a/20170620/51284719_0.shtml"",""site_sign"":""ifeng"",""label"":""[]"",""summary"":""中超联赛第13轮比赛已经全部结束，这轮比赛中最让人觉得结果有些出乎意料的，莫过于卡佩罗执教江苏苏宁的主场首秀却以失败告终，在其他球队换帅如换刀的背景下，苏宁却持续陷入低迷，13轮过后只积8分，排名倒数"",""is_hot"":""0"",""imgUrls"":""""}","江苏保级真悬了 近3年1铁律证明其几乎保级无望","http://sports.ifeng.com/a/20170620/51284719_0.shtml"
"89588","","中国经济周刊","　　文章导读： 供应商围堵追债、20多位高管离职、上千人被裁员、孤注一掷史上最大规模的降价……乐视的生态帝国风雨飘摇。
　　《中国经济周刊》 记者 侯隽| 北京报道
　　责编：周琦
　　（本文刊发于《中国经济周刊》2017年第24期）
　　供应商围堵追债、20多位高管离职、上千人被裁员、孤注一掷史上最大规模的降价……乐视的生态帝国风雨飘摇。
　　在乐视欲出售地产项目世茂·工三为自己“续命”之余，其创始人贾跃亭家族的持股规模也在持续下降。Wind资讯统计数据显示，2014年至今，贾跃亭家族在乐视网多次减持，涉及资金超过百亿元。尤其是2015年6月、2015年10月和今年1月的3次大规模减持后，曾持股近45%的贾跃亭，持股比例仅剩26.45%。
　　从“All In”蒙眼狂奔，到被讨债、围攻，再到被“拯救”、辞去总经理，经历了巨大风波的贾跃亭，其在乐视内部的影响力和权威无疑都已受到孙宏斌的挑战。如今，他能掌控的力量已经发生了巨大的变化。
　　“姓孙的乐视和姓贾的乐视”分裂为两个乐视
　　贾跃亭一直被外界视为乐视的灵魂人物，是他用4年时间，把一个视频网站，打造成为横跨电视、手机、汽车、金融、体育、影视等诸多板块的“生态王国”。
　　但是，这一切在2017年5月21日下午风云突变。
　　当日下午，乐视网发布第三届董事会第四十次会议决议公告称，为集中精力履行董事长职责，将工作重心集中于公司治理、战略规划及核心产品创新，提高公司决策效率，贾跃亭辞去公司总经理职务，专任公司董事长一职。
　　同时，经乐视网董事会提名委员会提名，聘请梁军担任乐视网总经理，向董事长及董事会汇报公司经营状况。乐视网成立以来，第一次有了专职总经理。
　　“之前的乐视一直分为3个体系：上市体系、非上市体系和汽车体系，5月底乐视由3个体系变成两个体系——上市体系和汽车体系。从那一天开始，乐视已经分裂，形成一个姓孙的乐视和姓贾的乐视。”资深家电分析师刘步尘对《中国经济周刊》分析。
　　5个月前，乐视由于一路“蒙眼狂奔”，导致整个生态体系资金链面临崩盘危机，被视为“白武士”的孙宏斌进场，后者带来的150亿元资金为乐视解了燃眉之急。
　　但是，天下没有免费的午餐，带着救命钱来的孙宏斌也是一个强势和高效的股东。
　　孙宏斌对乐视做的第一件事，就是推动乐视改革公司治理结构，把上市体系和非上市体系进行隔离。孙宏斌对此解释：“一定要让上市体系有完整的封闭性，资金是封闭的。”
　　对于“乐视姓贾还是姓孙”的问题，贾跃亭和孙宏斌这两个同样出身山西的商人都给出了答案。贾跃亭称这个问题压根儿不用回答，“如果你们相信那个谣言，孙总就不会投乐视了。”孙宏斌则说，“我要控制权干吗，累不累？乐视是贾跃亭的半条命，也是我的半条命，他要管，我当然也要管，但是我只是管治理结构、管理体系，其他的事情管不了。”同时，孙宏斌公开表示：“乐视汽车贾跃亭要怎么玩就怎么玩，他的主要精力也将放在汽车上。”
　　“从这可以看出孙宏斌‘自觉’担任起了乐视发言人的角色，他在乐视的影响越来越大，成为制衡贾跃亭的人。”刘步尘说。
　　显然，孙宏斌带来了大笔资金，但是他也砌了一堵墙，即重点扶持能挣钱的项目，接近盈利的乐视电视变成重点，暂时无法盈利的体育、易到、手机业务，则成为可舍弃的项目。
　　乐视网作为中国A股最早上市的视频公司，一路发展成为创业板权重股。陷入危机后，乐视股价一路下跌，最低触及30元。
　　但是，贾跃亭也没有那么悲观。资料显示，乐视自成立以来，通过IPO、定向增发和发债，共融资91亿元。乐视不断壮大的同时，贾跃亭家族也在陆续减持股份。根据Wind资讯的统计，2012年至今，贾跃亭家族减持的乐视股票价值超过百亿元。
　　从公司公告披露的信息来看，贾跃亭本人一共有过3次大规模减持。
　　2015年6月1日至3日，贾跃亭减持约25亿元，减持后持股比例为42.30%。贾跃亭当时承诺，将全部套现金额无息借给上市公司，用于乐视日常经营。
　　2015年10月30日，贾跃亭协议转让1亿股乐视股票给鑫根基金，减持金额为32亿元，减持后持股比例为37.43%。
　　2017年1月16日，为“引入战略投资者、优化公司股权结构”，贾跃亭转让1.7亿股给天津嘉睿汇鑫企业管理有限公司，减持金额为60.41亿元，减持后的持股比例为26.45%。
　　不到两年的时间，贾跃亭持股比例由近45%降到26.45%，若加上其姐姐贾跃芳，贾跃亭家族减持涉及的金额超过百亿元。
　　除减持外，贾跃亭的股票还有一大部分用在了股权质押上。自2013年起，贾跃亭进行过至少38笔股权质押，累计获得的总金额超过311亿元。
　　那么，贾跃亭减持的钱都去了哪儿呢？
　　根据乐视公告给出的说法，这些钱的去处有二：将套现金额无息借给上市公司，用于乐视网日常经营；引入战略投资者、优化公司股权结构。
　　然而，据媒体报道，截至2015年12月31日，贾跃亭向乐视网提供的无息借款金额仅为20.71亿元。
　　人事大洗牌，千人被裁员或解约
　　显然，贾跃亭在一系列减持后，已经对乐视的主导权开始动摇。相应的，乐视开始人事大调整和大裁员。
　　融创宣布投资乐视150亿元后，做的第一件事就是推动乐视完善治理结构，派出公司负责风控和内审的刘淑青担任乐视董事，并在乐视网董事会中具有否决权。此外，融创还任命三位财务经理分赴乐视影业、乐视网和乐视致新。
　　从那时起，乐视经常爆出裁员或“人员优化”的消息。
　　最近的两次分别在5月18日和24日，乐视北美裁员约325人，仅剩60~80名员工；乐视非上市体系也开始裁员，乐视销服平台（手机业务）与乐视体育成为“重灾区”。
　　《中国经济周刊》根据公开资料统计，目前乐视北美、乐视非上市体系、加上乐视关联公司酷派，累计超过1000人被裁员或解约。据报道，乐视控股体系中，市场品牌中心与乐视体育的裁员幅度均达到70%；销售服务体系裁员幅度为50%；乐视网裁员幅度为10%；只有乐视影业、乐视致新暂未有裁员计划。最新的消息称，乐视移动员工目前有三种状态：离职、继续观望和协商赔偿。
　　不仅如此，6月10日多位乐视网员工还通过社交媒体透露，乐视网只把公积金、社保等五险一金缴纳到2017年3月份，4月及5月都处于欠缴状态，不少员工已经向有关部门投诉维权。此前，已有乐视体育、易到用车等乐视旗下公司员工公积金、社保断缴问题不断被曝光。
　　在孙宏斌所关注的乐视上市体系中，除了上市公司CEO、财务总监、非独立董事等核心职位进行过人事更迭外，高层和员工团队均比较稳定。
　　不过，贾跃亭主管的非上市体系似乎人心涣散。他花大力气“挖”来的人才纷纷离职，这些高管在乐视的任职时间大多在一年左右，最短的只有3个月。
　　最近有消息称，乐视员工已被猎头大规模拉黑，离职后就业艰难。一位已离职的乐视非上市体系员工向《中国经济周刊》记者表示，乐视一些员工现状确实如此，他自己目前就处于失业状态。
　　卖卖卖能否“续命”？
　　虽然不断辟谣裁员风波没有外界传得那么邪乎，但是乐视已经开始甩卖资产“续命”。
　　有消息称，乐视拟将旗下世茂·工三商业项目以40亿元出售给万科，目前双方正在商谈中。乐视CFO张巍在与乐视债权人沟通中透露了此消息，且对此事抱期待态度。张巍称，若项目成功出让，银行挤兑和供应商欠款会解决，部分银行可给乐视续贷，只要乐视业务稳步发展，乐视资金问题可以解决。
　　对于乐视卖地的消息，绯闻的另一方万科表示不予回复。
　　公开资料显示，乐视所持世茂·工三商业项目建筑面积为5万平方米，租赁面积约2.6万平方米，日客流量约2.5万人。2016年5月，乐视控股从上海世茂购得北京财富时代置业有限公司和北京百鼎新世纪商业管理有限公司100%股权，从而获得世茂·工三商业项目，彼时交易对价合计约29.72亿元。2016年11月，乐视将这两家公司股权质押给中信银行。
　　此外，乐视手机的出货目标也由最初的1300万部缩至现在的900万部左右，不到2016年近2000万部销量的一半。有消息称，乐视手机下调出货目标，原因是无法支付供应链的订单费用。在临近6·18之际，一家全国最大的手机通货平台将乐视手机下架。坊间预测，乐视手机业务或许很快会被卖掉。
　　“该卖的都卖掉”，孙宏斌早在公开场合提出过自己的观点。
","{""type"":""科技"",""site"":""新浪"",""commentNum"":"" 6"",""joinNum"":"" 23"",""clickNum"":""0"",""shareNum"":""0"",""url"":""http://tech.sina.com.cn/i/2017-06-20/doc-ifyhfnrf9373914.shtml"",""site_sign"":""sina"",""label"":""[乐视, 贾跃亭, 孙宏斌, 危局]"",""summary"":""《中国经济周刊》记者侯隽|北京报道责编：周琦（本文刊发于《中国经济周刊》2017年第24期）供应商围堵追债、20多位高管离职、上千人被裁员、孤注一掷史上最大规模的降价……乐视的生态帝国风雨飘摇。在乐视欲出售地产项目世茂·工三为自己“续命”之"",""is_hot"":""0"",""imgUrls"":""""}","乐视危局：靠卖资产续命 员工被猎头大规模拉黑","http://tech.sina.com.cn/i/2017-06-20/doc-ifyhfnrf9373914.shtml"
"89587","","人民日报","“我刚刚启动发动机，就听见清脆的玻璃破裂声，然后一匹骏马出现在副驾驶座位上，含情脉脉地看着我。”这不是电影画面，而是近日发生在印度的一个真实场景：40多摄氏度的高温把这匹马“晒傻了”，挣脱缰绳后撞向了一辆汽车。
6月初的几天里，印度首都新德里平均温度高达46—47摄氏度，最高时达到48摄氏度。6日下午3点半，新德里的用电量达到创纪录的6526兆瓦时。一位中国媒体同行微信分享说，记者住所的玻璃茶几热得实在受不了，“自暴自弃”，“嘭”一声直接爆成碎片。
这是我第一次经受这么“火热”的天气，滚烫的空气让人窒息，在室外几分钟就会汗流浃背。炙热的阳光让人睁不开眼，走在路上，仿佛踩在热浪上。我的脑子似乎也不转了，一篇几个小时就该完成的文章，硬是写了很久。
在高速公路上开车，也不敢太快，害怕爆胎。在新德里有些路段，熔化的沥青可以粘住行人的鞋。有时为了躲避行驶过来的车辆，行人不得不忍痛弃鞋，单腿蹦向路边，看了让人哭笑不得。熔化的道路变形，斑驳的斑马线扭曲，看起来更像斑马纹。
据印度媒体报道，印度每年都有数千人死于高温。印度北部比哈尔邦菩提迦耶农村地区的人告诉我，有一种致命的热浪叫“鲁”，犹如高温海啸，主要发生在农村。“鲁”袭击的地方，人畜极易被热死，草木枯萎。
高温主要发生在印度西北部和东南部，数据显示，热浪的频率和持续时间都有增长的趋势。印度的纬度低，北侧喜马拉雅山脉挡住南下冷空气，南临印度洋，独特的地形造成印度很多地方每年5月至7月长时间受副热带高压控制，高温频发。此外，印度洋变暖和更加频繁的厄尔尼诺现象进一步加剧了高温。
为了应对高温，印度民众推崇生吃洋葱、喝咸味牛奶等“土办法”。高温也塑造了印度人独特的生活习惯，早午餐都延后两到三个小时，晚餐一般在晚上八九点。印度教徒的沐浴、瑜伽、林栖等习俗和印度文化重玄想等特点，可能都和高温不无关系。
高温对印度的农业、生态系统、健康卫生和国民经济都产生了重要影响。干旱使得每年成千上万的人丢弃土地来到城市流浪。高温还催生了高污染，新德里地区污染指数屡屡爆表。高温还让蚊蝇细菌增多，登革热每年造成上千人死亡。
面对高温挑战，印度一些公共卫生研究人士呼吁政府开展对高温影响的系统研究，在预防应对、卫生医疗方面拿出更多举措。印度国家灾害管理署去年出台了《预防与管理热浪行动规划准备纲要》，提出要建立预警系统、拟订应对计划、确保公众知情权、进行医疗救助等，邦政府可以动用最高10%的应急准备金，应对热浪。(苑基荣)
免责声明：本文仅代表作者个人观点，与环球网无关。其原创性以及文中陈述文字和内容未经本站证实，对本文以及其中全部或者部分内容、文字的真实性、完整性、及时性本站不作任何保证或承诺，请读者仅作参考，并请自行核实相关内容。
","{""type"":""国际新闻"",""site"":""环球"",""commentNum"":""0"",""joinNum"":""0"",""clickNum"":""0"",""shareNum"":""0"",""url"":""http://world.huanqiu.com/hot/2017-06/10866204.html"",""site_sign"":""huanqiu"",""label"":"""",""summary"":""“我刚刚启动发动机，就听见清脆的玻璃破裂声，然后一匹骏马出现在副驾驶座位上，含情脉脉地看着我。”这不是电影画面，而是近日发生在印度的一个真实场景：40多摄氏度的高温把这匹马“晒傻了”，挣脱缰绳后撞向了一辆汽车。6月初的几天里，印度首都新德里平均温度高达46—47摄氏度，最高时达到48摄氏度。6日下午3点半，新德里的用电量达到创纪录的6526兆瓦时。"",""is_hot"":""0"",""imgUrls"":""""}","印度的“高温挑战”：40度火热天气令马发狂撞车","http://world.huanqiu.com/hot/2017-06/10866204.html"
"89586","","央广网","据中国之声《新闻纵横》报道，针对近日日本媒体披露政府或为首相安倍晋三的好友办学“开绿灯”一事，日本文部科学大臣松野博一日前证实，在文部科学省内部找到已被曝光的大部分文件内容，并针对此前的调查没能得出结论向公众致歉。
据悉，这些内部文件内容涉及由安倍好友担任理事长的加计学园计划利用“国家战略特区”政策设立兽医学院一事。文件中说，加速推进设立兽医学院是“来自官邸最高层的指示”。
不过，日本内阁府16号也公布了有关该事件的内部调查报告。令人匪夷所思的是，两份出自日本政府不同部门的就同一事件进行的调查报告，竟然得出了相互矛盾的结果。这究竟是怎么一回事？这些内部文件和报告中暗藏着那些秘密？
事件要从日本《朝日新闻》今年5月17日披露的内部文件说起，当时被《朝日新闻》披露的部分被怀疑是文部科学省的内部文件中，内容涉及由日本首相安倍晋三的好友担任理事长的加计学园，计划利用“国家战略特区”政策设立兽医学院一事。文件中说，加速推进设立兽医学院是“来自官邸最高层的指示”。
据媒体报道，日本政府已有50多年没有批准新设立兽医学院。今年1月，加计学园获批利用“国家战略特区”政策在爱媛县今治市新设兽医学院。3月，今治市议会通过相关议案，决定为加计学园无偿提供建设用地，并将提供最高达96亿日元的建设补助。对此，前文部科学省事务次官前川喜平5月25日晚召开记者会证实这批文件确实存在。他认为文件中所提到的“官邸最高层”指的应是首相本人或官房长官，并批评政府本应公平、公正的行政环境已经遭到破坏。
关于这份内部文件的真伪，日本文部科学省在第一时间宣称相关文件并不存在，但在已经辞职的元政务官和多位在职职员的证言下，本月15日又改口承认，确实有这样一份文件，并且承认在批准新设兽医学科过程中，受到了来自首相官邸的压力。
对此，日本内阁府迅速展开自查，16日内阁府发布调查资料，称未能发现相关文件，负责主导相关调查的地方创生大臣山本幸三甚至在国会暗示，如果相关文件真的存在，应该是文部科学省派往内阁府服务的年轻职员的个人行为。对于同一事件，文部科学省和内阁府这两个日本政府的部门为何会得出完全不同的调查结果？中国国际广播电台驻日本记者朱曼君观察，大部分日本媒体都认为，此次出现两份内容相互矛盾的内部调查报告，显示出首相官邸希望将事件的责任推诿给官僚，而文部科学省的官员则已经对官邸的高压态势忍无可忍。
安倍晋三此前曾在国会上称，如自己对此事进行过行政干预将会承担相应责任，但面对在野党议员追问如何担责时却拒绝明确表态。16日，安倍在国会接受质询。他坚称，自己没有在这一事件中以首相身份施加影响。
但安倍的这一说法遭到了在野党的质疑。日本民进党干事长代理福山哲郎直接反问：“首相的意见”、“来自官邸最高层的声音”，针对这些的疑虑无法完全消除，怎么看都觉得可能是首相说的。
此外，联合执政的自民党和公明党又拒绝对相关证人进行询问，这遭也到了在野党和外界的质疑。日本共产党书记局长小池晃对此高声质疑，“自民党、公明党为何反对证人询问，大多数国民对此都不能接受。”
而不管“加计学园丑闻”事件透露出来的日本政府内部的权力争夺战是如何的错综复杂，不应忘记的是，这次事件真正的焦点应该在于批准加计学园新设兽医学部的决策到底合不合规，这其中到底有没有人违法牟利。中国国际广播电台驻日本记者朱曼君观察，日本国会在16号已经正式闭幕，尽管在野党和多数民众都表示对于政府以两份相互矛盾的报告终结相关调查的做法不满，但是目前看来，由于执政党在议会两院的绝对多数议席，此次事件还不足以让安倍政府“伤筋动骨”。不过，另一方面，从3月的森友学园丑闻，到现在的加计学园丑闻，安倍首相及其家人不断深陷以权谋私、为友人谋取私利，越来越多的舆论开始转向对安倍政权的批判方向。能否改变目前日本政坛“安倍一强”、首相官邸可以为所欲为的现状，说到底，考验的是日本媒体和民众的智慧。（记者李思默）
免责声明：本文仅代表作者个人观点，与环球网无关。其原创性以及文中陈述文字和内容未经本站证实，对本文以及其中全部或者部分内容、文字的真实性、完整性、及时性本站不作任何保证或承诺，请读者仅作参考，并请自行核实相关内容。
","{""type"":""国际新闻"",""site"":""环球"",""commentNum"":""0"",""joinNum"":""0"",""clickNum"":""0"",""shareNum"":""0"",""url"":""http://world.huanqiu.com/hot/2017-06/10866219.html"",""site_sign"":""huanqiu"",""label"":"""",""summary"":""据中国之声《新闻纵横》报道，针对近日日本媒体披露政府或为首相安倍晋三的好友办学“开绿灯”一事，日本文部科学大臣松野博一日前证实，在文部科学省内部找到已被曝光的大部分文件内容，并针对此前的调查没能得出结论向公众致歉。据悉，这些内部文件内容涉及由安倍好友担任理事长的加计学园计划利用“国家战略特区”政策设立兽医学院一事。文件中说，加速推进设立兽医学院是“来自官邸最高层的指示”。"",""is_hot"":""0"",""imgUrls"":""""}","安倍再陷办学丑闻 日内阁府与文科省调查大相径庭","http://world.huanqiu.com/hot/2017-06/10866219.html"
"89585","","快科技@http://www.kkj.cn/","其他规格方面，搭载飞思卡尔IMX6SL处理器，内存512MB，存储8GB，采用定制版系统，低耗稳定，阅读流畅。提供3.5mm耳机接口，支持听书功能。
内容方面，可无缝对接QQ阅读、起点中文网等正版书籍平台，支持QQ、微信登录，自动云同步QQ阅读APP书架和阅读进度。
","{""type"":""科技"",""site"":""cnbeta"",""commentNum"":""64"",""joinNum"":""14937"",""clickNum"":""14871"",""shareNum"":""0"",""url"":""http://www.cnbeta.com/articles/tech/623613.htm"",""site_sign"":""cnbeta"",""label"":"""",""summary"":""随着亚马逊Kindle的爆火，不少电子书APP厂商也推出了实体电子书产品。继掌阅之后，日前腾讯阅读QQ也推出了首款电子书，采用2.5D屏幕，支持QQ微信登录，售价999元。QQ阅读电子书外观纤薄，厚8.1mm、重190克。采用6英寸Carta第三代高清触摸屏，纯平2.5D屏幕，支持24级自动光源，一次充电可用15天以上。"",""is_hot"":""2"",""imgUrls"":""http://static.cnbetacdn.com/thumb/mini/article/2017/0618/2c1db563087791b.png""}","999元 - QQ阅读发布首款电子书：支持QQ微信登录","http://www.cnbeta.com/articles/tech/623613.htm"
"89584","","体育君","张稀哲毫无疑问是现役国内球员最好的前腰，之前在佩兰国家队一直得不到重用的他，成为了高洪波和里皮国足绝对主力。26岁的张稀哲正在迎来了事业上的第二个巅峰期。所以球迷都对张稀哲未来充满了期待，没想到本赛季一向是乖孩子的他为了表达对主教练何塞不满主动申请红牌下场。
球迷都知道张稀哲最合适的位置是前腰，前腰能发挥他进攻组织能力强和射门脚法出色特点。然而何塞一直就把张稀哲当后腰用。这很自然让张稀哲踢得很窝火，尤其是自己回撤到后腰远离球门。远离球门的张稀哲在场上对球队贡献几乎为零，后腰防守本来就不是他的强项。
所以越踢越憋火的张稀哲只能用主动申请红牌的方式，来表达对球队教练不满。而张稀哲这次主动申请红牌成了何塞下课的导火索。那场比赛之后何塞当即被俱乐部下课，而张稀哲则是随队参加了世预赛。很明显张稀哲受到俱乐部表现不佳的影响，在国家队对阵叙利亚的比赛，还错失了一次良机。
上一轮中超张稀哲红牌停赛，也给他难得休息机会。球迷希望张稀哲能尽快调整好状态，现在球迷迎来了新帅施密特。希望施密特能充分挖掘张稀哲身上的优点，让他重新在国安发挥出核心水平。也希望张稀哲代表国足在未来的两场世预赛能有好的表现。
","{""type"":""体育"",""site"":""凤凰"",""commentNum"":""2"",""joinNum"":""3"",""clickNum"":""0"",""shareNum"":""0"",""url"":""http://sports.ifeng.com/a/20170620/51284725_0.shtml"",""site_sign"":""ifeng"",""label"":""[]"",""summary"":""张稀哲毫无疑问是现役国内球员最好的前腰，之前在佩兰国家队一直得不到重用的他，成为了高洪波和里皮国足绝对主力。26岁的张稀哲正在迎来了事业上的第二个巅峰期。所以球迷都对张稀哲未来充满了期待，没想到本赛季"",""is_hot"":""0"",""imgUrls"":""""}","他主动申请红牌震惊众人 新帅能否让国足核心复苏？","http://sports.ifeng.com/a/20170620/51284725_0.shtml"
"89583","","快科技@http://www.kkj.cn/","?
现在，笔者发现这款产品已经众筹成功了！众筹页面显示，“香蕉”电话总共筹集到36320美元，完成众筹目标的115%。
目前“香蕉”电话的官网已经正式接受预定，虽然其并未公布售价，不过按照众筹网站的筹款说明，单个产品价值50美元。
值得一提的是，这个项目参加了大猩猩保护项目，承诺将销售总额的1%将会捐献给Gearing Up 4 Gorillas，为维龙加国家公园的护林员提供资金和设备，保护稀有的山地大猩猩。
虽然这款产品外形有点污，不过能保护动物还是让人心里暖暖的。
","{""type"":""科技"",""site"":""cnbeta"",""commentNum"":""9"",""joinNum"":""1831"",""clickNum"":""1821"",""shareNum"":""0"",""url"":""http://www.cnbeta.com/articles/tech/623615.htm"",""site_sign"":""cnbeta"",""label"":"""",""summary"":""如果大家还有印象的话，5月份我们曾经报道过一个“香蕉”电话，上线Indiegogo进行众筹，众筹价是40美元，目标3万美元，这款香蕉电话的功能非常简单，只有蓝牙连接手机接打电话这一个功能，换句话说，这个“香蕉”更像一个蓝牙耳机。"",""is_hot"":""2"",""imgUrls"":""http://static.cnbetacdn.com/thumb/mini/article/2017/0618/0e6f04e024967cc.png""}","拯救大猩猩 - “香蕉”公益电话成功筹集3万美元","http://www.cnbeta.com/articles/tech/623615.htm"
"89582","","新浪体育","　　北京时间6月20日，据sportando报道，有CBA球队与上赛季效力于西班牙联赛的法国后卫埃德温-杰克逊联系到了一起，不过目前尚不清楚具体是哪家俱乐部。
　　杰克逊的经纪人今天在推特上用中文写下了埃德温-杰克逊的名字，这被认为是在暗示该球员未来的去向。杰克逊也似乎在推特上向他的球迷告别，同时还表态称，虽然自己更愿意留在欧洲联赛或者去NBA发展，但他觉得这份合同（来CBA打球）仅仅是一份6个月的短合同，之后他还会有其他选择。
　　埃德温-杰克逊生于1989年9月18日，身高190cm的他在场上司职得分后卫。上赛季埃德温-杰克逊在西甲联赛的大学生队效力期间，场均出场30.3分钟能够拿到21.4分，3.5个篮板，3.4次助攻以及1次抢断的数据。
　　据欧洲篮球专家王健微博透露，这名法国后卫有超强的个人得分能力，堪称刷分机器。其个人能力与美籍后卫相比，也丝毫不逊色。
　　（豪斯）
","{""type"":""体育"",""site"":""新浪"",""commentNum"":"" 12"",""joinNum"":"" 57"",""clickNum"":""0"",""shareNum"":""0"",""url"":""http://sports.sina.com.cn/cba/2017-06-20/doc-ifyhfnqa4487314.shtml"",""site_sign"":""sina"",""label"":""[杰克逊, CBA, 法国]"",""summary"":""CBA队有意法国刷分机器 超强能力不逊美国后卫"",""is_hot"":""0"",""imgUrls"":""""}","CBA队有意法国刷分机器 超强能力不逊美国后卫","http://sports.sina.com.cn/cba/2017-06-20/doc-ifyhfnqa4487314.shtml"
"89581","","雷锋网@http://www.leiphone.com/","这名黑客今年25岁，两年前因为一次联合调查被英国警方抓捕。
Sean Caffrey在2014年6月发动了这场攻击，当时他还匿名发布了控制数据库的页面截图，并配文称“我们在你们数据库里哦，我们控制了你们的卫星”。
但是，在英国国家犯罪局介入针对攻击的调查，并追溯到相关网络连接的9个月后，Sean Caffrey 被逮捕。
英国国家犯罪局在他的硬盘上发现了被盗窃的数据，还发现了一个已打开的与攻击有关的在线消息帐户，并以化名在 Caffrey 的电脑运行。
与此同时，政府却坚称，没有分类数据被盗，但是五角大楼却预估，它们因为此次攻击，需要花费50万英镑进行修复。Caffrey于本周四在伯明翰法院承认了一项指控：“计算机滥用法”规定的罪行。
","{""type"":""科技"",""site"":""cnbeta"",""commentNum"":""1"",""joinNum"":""3163"",""clickNum"":""3156"",""shareNum"":""0"",""url"":""http://www.cnbeta.com/articles/tech/623617.htm"",""site_sign"":""cnbeta"",""label"":"""",""summary"":""美国时间6月16日，外媒The Telegraph 称，一名英国黑客坦承，他从美国军方通信系统盗取了数百个网络账户，随后在线上传播，教大家如何控制美国卫星。这名黑客名叫?Sean Caffrey，据报道称，他从美国国防部的卫星系统盗取了800个用户的信息，此外还有30000部卫星电话的细节。"",""is_hot"":""2"",""imgUrls"":""http://static.cnbetacdn.com/thumb/mini/article/2017/0618/bb28740ec3c80a8.jpg""}","英国黑客线上教人如何控制美国卫星 称数据从美军方盗取","http://www.cnbeta.com/articles/tech/623617.htm"
"89580","","新浪体育","　　切尔西球星法布雷加斯正与女友达涅拉-塞曼享受假期，在个人的INSTAGRAM上，小法发布了两人亲密拥吻的照片，引来了前切尔西队长特里的点赞与调侃。
　　在照片中，小法身着一条短裤，与达涅拉在海边拥吻，画面中，小法的那条红色短裤似乎格外引人注目，这引发了不少网友的调侃，其中就包括特里。
　　特里给昔日队友的照片点了赞，又提问道：“很棒的照片，但不确定短裤是咋啦”，对此，小法回应：“哈哈哈，明天看你的。”
　　夏天以来，小法和家人一直在伊比萨岛度假，同行的还有巴萨球星梅西以及苏亚雷斯两家。特里则和妻子托尼也在度假，进入夏天，他离开切尔西成为了自由球员，一些英超球队包括英冠的阿斯顿维拉都在邀请特里加盟。
　　（legion）
","{""type"":""体育"",""site"":""新浪"",""commentNum"":"" 53"",""joinNum"":"" 542"",""clickNum"":""0"",""shareNum"":""0"",""url"":""http://sports.sina.com.cn/g/pl/2017-06-20/doc-ifyhfnqa4487319.shtml"",""site_sign"":""sina"",""label"":""[切尔西, 英超, 小法, 特里, 蓝军]"",""summary"":""小法拥吻女友 特里在旁点赞 咦？短裤怎么回事"",""is_hot"":""0"",""imgUrls"":""""}","小法拥吻女友 特里在旁点赞 咦？短裤怎么回事","http://sports.sina.com.cn/g/pl/2017-06-20/doc-ifyhfnqa4487319.shtml"
"89579","","体育君","现在中超夏季转会市场已经开启，可惜这对于缺兵少将的申花队来说已经没有什么意义。因为申花早在中超冬季市场上迫不及待的用完了五个内援名额，所以申花也只能看着中超夏季转会市场人来人往自己只能干瞪眼。这申花队每年买入球员，给球迷感觉就是在凑数。
反正就是五个内援名额，我早点用完了就了却球迷和俱乐部一桩心事。就在这不挑食的心理之下，申花这些年买来二十多个人能用的没几个。现在从鲁能引入的三将高迪、耿晓峰、吕征，只有吕征还坚守在球队打替补。其他两个人一个去了华夏预备队，一个租借到苏宁继续打替补。
留下的吕征运气还不错，身为老将还能时不时获得出场机会打打酱油。相比于毛剑卿替补上场往往能有奇效助攻和进球。吕征上场除了一如既往能跑也没有什么优点了。就像上一轮毛剑卿和吕征都是替补出场，毛剑卿面对头球破门机会一剑封喉。而同样面对队友传中，头球攻门的吕征却离奇顶偏。这让申花球迷只能埋怨吕征是扶不起的阿斗。
吕征作为从鲁能青训出来的一员虎将，一直是缺点和优点都非常鲜明的球员。一方面吕征能跑善于拼抢，另一方面吕征的球商和灵性确实一般。现在已经到了职业生涯暮年，也只能为自己一声叹息了。不过还能时不时获得上场时间，已经让吕征非常高兴。希望他能有好的表现。
","{""type"":""体育"",""site"":""凤凰"",""commentNum"":""0"",""joinNum"":""0"",""clickNum"":""0"",""shareNum"":""0"",""url"":""http://sports.ifeng.com/a/20170620/51284726_0.shtml"",""site_sign"":""ifeng"",""label"":""[]"",""summary"":""现在中超夏季转会市场已经开启，可惜这对于缺兵少将的申花队来说已经没有什么意义。因为申花早在中超冬季市场上迫不及待的用完了五个内援名额，所以申花也只能看着中超夏季转会市场人来人往自己只能干瞪眼。这申花队"",""is_hot"":""0"",""imgUrls"":""""}","同样是申花奇兵毛剑卿屡屡临危救主 而他却碌碌无为","http://sports.ifeng.com/a/20170620/51284726_0.shtml"
"89578","","新华社","这是6月18日在葡萄牙中部大佩德罗冈地区拍摄的被森林大火烧毁的汽车。新华社记者张立云摄
","{""type"":""国际新闻"",""site"":""环球"",""commentNum"":""0"",""joinNum"":""0"",""clickNum"":""0"",""shareNum"":""0"",""url"":""http://world.huanqiu.com/hot/2017-06/10866229.html"",""site_sign"":""huanqiu"",""label"":"""",""summary"":""这是6月18日在葡萄牙中部大佩德罗冈地区拍摄的被森林大火烧毁的汽车。新华社记者张立云摄这是6月18日在葡萄牙中部大佩德罗冈地区拍摄的森林大火冒出的烟雾。新华社记者张立云摄6月18日，一架直升机在葡萄牙中部大佩德罗冈地区参与扑救森林大火。新华社记者张立云摄这是6月18日在葡萄牙中部大佩德罗冈地区拍摄的被森林大火烧毁的树木和房屋。"",""is_hot"":""0"",""imgUrls"":""""}","葡森林火灾造成至少62人死亡 政府宣布进入紧急状态","http://world.huanqiu.com/hot/2017-06/10866229.html"
"89577","","雷锋网@http://www.leiphone.com/","图为速腾聚创16线激光雷达在京东无人配送车上的应用
上午9点15分，京东无人配送车自主驾驶到中国人民大学公共教学楼，为正在楼内自习的李若谷同学送去了订单，李同学通过京东APP、手机短信等方式提前5分钟获知了快件即将送达的信息，随后在配送车上输入提货码，配送车自动开启仓门——这是京东618无人车配送出的第一单快递。
无人配送车在配送站完成商品装载后，可以根据目的地进行自主路径规划，寻找最短路径，并规避拥堵路段。
在行驶过程中遇到其他车辆还可以进行避障，遇到十字路口可以识别红绿灯。当它自动行驶到目标建筑的指定位置后，会通过京东手机软件、手机短信等方式通知用户收货。用户可以通过人脸识别或手机一键开箱功能便可取走自己的包裹。
早在 2016 年的“双 11”，京东就已经对外展示过无人配送车，然而由于技术成本的原因，那时候无人配送车并没有真正应用起来。
「那时候方案太贵，差不多可以买一辆奥迪 Q7（60 多万元）。」一位负责京东无人配送车调试的工程师表示，经过半年多的努力，这辆无人配送车的成本已经基本上接近奇瑞 QQ 高配版的价格（5 万元左右）。
无人配送车造价降低了，也降低了配送的成本。据了解，以往人工配送一单的成本在 7 元到 10 元不等。但现在即使将无人配送车的电池损耗费用算进去，一单的配送成本能控制在 1.5 元以内。这是人工配送成本 1/6 的价格，不仅大大节省了人工配送包裹最后一公里的配送费用，京东还能通过这种技术进步将快递员从繁重的体力劳动中解放出来，并进一步提升用户的购物体验。
京东无人配送车：采用多种自动驾驶解决方案
在6月18日这天，京东实际上在中国人民大学和清华大学两所高校同时开启了无人配送车的试点运营。
在中国人民大学的现场，我们看到大约有10辆规格不同的小车，其中9台将用于快件配送，1辆用于仓库巡检。其中9辆无人配送车大概有3到4种技术实现配置：
最大的无人配送车，约1人高，能容纳几十个快件，车顶搭载1个16线激光雷达，车身周围搭载3? - 4个单线激光雷达，前方、侧方和后方则都分布了摄像头；
中等大小的无人配送车，约半人高，主要采用差分GPS和摄像头作为传感器，在车辆前方安装了双目摄像头以及全景摄像头，车身周围和后方也都有摄像头观察行人和路况；
中等大小的无人配送车，同样半人多高，前方采用双目摄像头和鱼眼摄像头，车顶配置1个16线激光雷达。
京东用于仓库巡检的无人车/机器人
采用Velodyne16线激光雷达+3个单线激光雷达+摄像头的无人配送车
采用差分GPS+双目摄像头+鱼眼摄像头的无人配送车
采用速腾聚创16线激光雷达+3个单线激光雷达+摄像头的无人配送车
采用北科天绘16线激光雷达+双目摄像头的无人配送车
上述几个方案的无人配送车最高时速不超过10km/h，体积最大的无人车单次充电续航可以达到50公里以上。
在部署时，通常先用激光雷达扫描校园形成路网地图，再根据激光雷达+GPS+摄像头实现导航定位和避障。通过转向灯和屏幕，这些小车会在行驶和送货过程中给用户一些提示，用户则像过去一样收到京东的短信/消息提醒，之后通过人脸识别或者短信验证码从无人配送车中取走快件。
据新智驾了解，这批无人车是由京东X事业部主导研发，清华大学、长安大学以及自动驾驶技术公司智行者也参与了这批无人配送车的研发。
目前这些无人配送车还在试运营的早期，许多技术细节仍有待调整，比如就激光雷达一项就采用了包括Velodyne、速腾聚创和北科天绘在内的3家供应商。
京东无人配送车的成功试运营也离不开激光雷达这一非常重要传感器所发挥的作用。自动驾驶的未来肯定是从有条件自动驾驶逐渐转变为无条件自动驾驶。而低速园区车、特定场景的物流车、特定领域的矿车则会优先落地，这是因为16线激光雷达完全能满足这些场景的需求。
事实上，京东无人配送车的上路为激光雷达的场景应用起到了一个非常好的示范作用。而上述不同供应商的配置方案，京东现场人员表示，会根据运营情况调整，因地制宜。
继此次京东无人配送车率先上路之后，阿里巴巴、顺丰的无人车也将很快对外公布新的动态。
访问:
日本亚马逊首页
","{""type"":""科技"",""site"":""cnbeta"",""commentNum"":""7"",""joinNum"":""2533"",""clickNum"":""2522"",""shareNum"":""0"",""url"":""http://www.cnbeta.com/articles/tech/623619.htm"",""site_sign"":""cnbeta"",""label"":"""",""summary"":""“618”一大早，媒体们聚集在刘强东的母校——中国人民大学，京东第一批试点运营的无人配送车将从这里出发。京东今年会逐步在北京、杭州、西安逐步部署无人配送车，规模可能会达到一百辆，前期以环境相对封闭的校园和社区为主。"",""is_hot"":""2"",""imgUrls"":""http://static.cnbetacdn.com/thumb/mini/article/2017/0618/28ad0ad320af333.jpg""}","无人配送进入校园 京东打算批量部署自动驾驶技术","http://www.cnbeta.com/articles/tech/623619.htm"
"89576","","广州日报","6月14日，记者从省卫计委的答复中获悉，广东将启动城市三甲医院人员下沉基层计划，每年全省三级医院将有约2000名卫生技术人员到县以下医疗机构工作。
改革开放30多年，要说如今的城乡差别，已逐渐从经济发展水平转向公共服务水平，譬如医疗、教育等。尤其是医疗服务水平，别说是农村，就算是县城、地级市区，与大城市的差距也不是一般的大。基层医疗水平低下的主要原因，又多在于人才短缺上，就算有优质的医疗硬件，缺乏相应的人才，也是浪费。譬如，有些基层医院拍出的片子，基层医生看不懂，作出的诊断与城市三甲医院医生大相径庭，基层医生怎么可能获得患者的信任？
随着政府对基层医院的重视，基层医院的硬件水平在不断提高，而医生水平难以马上得到提升，因此，城市三甲医院人员下沉基层计划从人才供给角度着手，这个方向是对的。接下来，第一，城市三甲医院人员“下沉”，要真“沉”，要“沉”得住，而不是搞形式、走过场。城市三甲医院人员都有自己的岗位、利益，离岗“下沉”，要有一套保障机制，不但让其利益不受损，还要有额外获益，如此，他们对“下沉”才有积极性。第二，“输血”更要“造血”，城市三甲医院人员“下沉”的同时，也要让基层医生有机会“上浮”——进入城市三甲医院进行培训，获得专家指点，使其医技得到较快的提升。毕竟，他们才是主力军。
免责声明：本文仅代表作者个人观点，与环球网无关。其原创性以及文中陈述文字和内容未经本站证实，对本文以及其中全部或者部分内容、文字的真实性、完整性、及时性本站不作任何保证或承诺，请读者仅作参考，并请自行核实相关内容。
","{""type"":""国内新闻"",""site"":""环球"",""commentNum"":""0"",""joinNum"":""0"",""clickNum"":""0"",""shareNum"":""0"",""url"":""http://china.huanqiu.com/hot/2017-06/10866377.html"",""site_sign"":""huanqiu"",""label"":"""",""summary"":""6月14日，记者从省卫计委的答复中获悉，广东将启动城市三甲医院人员下沉基层计划，每年全省三级医院将有约2000名卫生技术人员到县以下医疗机构工作。随着政府对基层医院的重视，基层医院的硬件水平在不断提高，而医生水平难以马上得到提升，因此，城市三甲医院人员下沉基层计划从人才供给角度着手，这个方向是对的。"",""is_hot"":""0"",""imgUrls"":""""}","医疗人才要“下沉”也要“上浮”","http://china.huanqiu.com/hot/2017-06/10866377.html"
"89575","","TechWeb@","TechWeb查询了乐视商城和京东商城后了解到，以乐视超级电视“超4X40”为例，该商品在乐视官方商城是标价1799元，并附赠乐视1年超级影视会员。在京东上也是标价1799元，但在订单完成后，可以参加满额返券的优惠活动，用户可以得到一份价值1500元的优惠券券包，该券包可以在规定时间内，分使用范围，让用户再次享受购物“满xx元减xx元”的优惠。
乐视表示：“两大第三方电商平台，在我们的优惠力度上，仍强行通过优惠券、满额返现等方式进行价格补贴，并且这些补贴多数成本仍强迫我们买单，远远超出了我们的承受能力。当下的价格不仅远远击穿了我们的成本，也导致此次电商节可能成为众多黄牛的提货节，大量产品由线上串货至线下，严重扰乱超级电视的价格体系。”
乐视在声明中称：“为保障用户利益和保障企业的长久发展，我们正积极与两大电商平台沟通，对于部分疑似黄牛订单进行限制发货或取消订单。我们呼吁良性的竞争环境，电商平台强行降价，已经引发恶性竞争，我们看到，一些企业面对成本压力，甚至采用低配，低质的产品参加电商节，损害用户利益。”
对此，乐视提到的“第三方电商平台”暂未回应。
附《乐视超级电视：关于第三方电商平台强行降价的声明》
今年618期间，乐视超级电视在坚持生态补贴、成本定价的基础上，很有诚意的拿出史上最大优惠力度回馈广大乐迷，超4 Max70直降3000元，超4 X40直降450元，超4 X43直降400元，40和43吋另包含一年超级影视会员。
但两大第三方电商平台，在我们的优惠力度上，仍强行通过优惠券、满额返现等方式进行价格补贴，并且这些补贴多数成本仍强迫我们买单，远远超出了我们的承受能力。当下的价格不仅远远击穿了我们的成本，也导致此次电商节可能成为众多黄牛的提货节，大量产品由线上串货至线下，严重扰乱超级电视的价格体系。
为保障用户利益和保障企业的长久发展，我们正积极与两大电商平台沟通，对于部分疑似黄牛订单进行限制发货或取消订单。我们呼吁良性的竞争环境，电商平台强行降价，已经引发恶性竞争，我们看到，一些企业面对成本压力，甚至采用低配，低质的产品参加电商节，损害用户利益。
超级电视坚持高配，坚持全渠道同款同价，官方商城，LePar以及第三方电商平台都是我们的销售通路，我们也极力维持稳定的价格体系，通过这些平台直达用户，而不是被恶意宰杀价格，被黄牛渔利。对于目前第三方电商平台上的价格乱象，我们深表遗憾，并已取消部分订单，限制黄牛提货。我们认为，一个靠绑架企业杀价格战，功利的竞争销售额的的电商节，是竭泽而渔，杀鸡取卵的短视行为，看似让用户受益的背后，实际上是在损害企业利益，最终损害用户利益。
乐视超级电视
2017年6月18日
","{""type"":""科技"",""site"":""cnbeta"",""commentNum"":""22"",""joinNum"":""12297"",""clickNum"":""12269"",""shareNum"":""0"",""url"":""http://www.cnbeta.com/articles/tech/623621.htm"",""site_sign"":""cnbeta"",""label"":"""",""summary"":""6月18日消息，今天是618促销大战，原本是带动各路商家销量增长的好日子，但也有卖家表示有小情绪了。今日，乐视超级电视在官方微信公众号中发声明称，被两大第三方电商平台强行通过优惠券、满额返现等方式进行价格补贴，并且这些补贴多数成本被强迫乐视超级电视买单。"",""is_hot"":""2"",""imgUrls"":""http://static.cnbetacdn.com/thumb/mini/article/2017/0618/5cd196512a3ff7d.jpg""}","乐视超级电视：第三方电商平台强行降价 击穿了我们的成本","http://www.cnbeta.com/articles/tech/623621.htm"
"89574","","足球小志","上周周末，中超第13轮已经全部战罢，其中，广州恒大战胜贵州恒丰智诚，豪取联赛九连胜的同时继续领跑积分榜，队内的曾诚与张琳芃也入选了本轮中超的最佳阵容。
门将：曾诚。尽管在国家队表现不佳，但回到俱乐部的曾诚仅用了一场比赛就为自己实现了正名。全场5次扑救则次次关键，而且，曾诚还扑出了耶拉维奇可能扳平比分的点球，力助恒大豪取九连胜。
后卫：
张琳芃，攻防俱佳的张莫斯，此役在防守端贡献6次解围、3次拦截和2次抢断。在进攻端，张琳芃则有4次传中和1次突破，并直接助攻了郜林打破僵局的进球。
戈麦斯，这一轮他共做出了8次解围、3次拦截、1次抢断，作为队长出战的戈麦斯继续扮演着建业铁闸的角色。
伊斯梅洛夫，本场面对气势汹汹的江苏苏宁，伊斯梅洛夫在防守端6次解围、3次抢断，此外还有3次封堵射门和1次拦截，是亚泰客场告捷的幕后英雄。
李磊，京津德比中李磊送出5次抢断、3次拦截和1次解围的全面数据，而且他还助攻伊尔马兹取得进球。
中场：
姆比亚，本轮比赛，姆比亚在与权健中场核心维特塞尔的对抗中丝毫不落下风，最后时刻还用一记制胜球助华夏幸福继续取胜。
张晓彬，出任后腰的张晓彬做出5次抢断、4次拦截，传球成功率超过90%，他在中场全面的表现也在赛后得到了好评。
多奇卡尔,此役，多奇卡尔先是造成了对手的乌龙球，随后又巧妙助攻哈维尔破门锁定胜局，可以说是建业取胜的最大功臣之一。
前锋：
曹赟定，全场完成4次射门，并送出3次威胁传球，此外还有惊人的8次突破和12次传中，几乎凭借一己之力搅的力帆禁区天翻地覆。
卡尔德克，跟曹赟定一样，本场比赛都是一传一射，而且卡尔德克的进攻桥头堡作用非常关键。
塔尔德利，继上次出场梅开二度后，塔尔德利又在本轮独中两元。而且比赛中，“塔神”5次射门全部射正，向前传球居多的他，传球成功率竟然高达86%，毫无疑问，本赛季脱胎换骨的塔神已经成为了鲁能进攻中的大腿。
此外，河南建业的新任主帅亚森被评选为本轮最佳教练。上任不过三天，亚森就帮助河南建业拿到了本赛季的第二场胜利，换帅如换刀，亚森可谓是救火教练的典范。
你心目中，本轮的最佳球员是谁？
","{""type"":""体育"",""site"":""凤凰"",""commentNum"":""0"",""joinNum"":""0"",""clickNum"":""0"",""shareNum"":""0"",""url"":""http://sports.ifeng.com/a/20170620/51284727_0.shtml"",""site_sign"":""ifeng"",""label"":""[]"",""summary"":""上周周末，中超第13轮已经全部战罢，其中，广州恒大战胜贵州恒丰智诚，豪取联赛九连胜的同时继续领跑积分榜，队内的曾诚与张琳芃也入选了本轮中超的最佳阵容。门将：曾诚。尽管在国家队表现不佳，但回到俱乐部的曾"",""is_hot"":""0"",""imgUrls"":""""}","中超第13轮最佳阵容出炉！塔神领衔 曾诚实现救赎","http://sports.ifeng.com/a/20170620/51284727_0.shtml"
"89573","","TechWeb@","从本质上说，苹果希望改进当前的一种抓取光体图的方法，这种方法可以很有效地测量这些体积的变化。在这种情况下，苹果会使用一种光体图来测量血管的收缩和扩张，从而帮助它确定呼吸频率。
苹果并未就该做法可能会做什么用途给与说明，并没有特别指出是苹果手表的专利。但它的确有写，专利中列出的传感器可以“被握在用户的手上，或者绑在用户的手腕上，还有其他的可能性”，因此，该专利出现在苹果手表上的可能性非常大，也有可能是下代苹果手表Apple Watch 3。
访问:
苹果在线商店(中国)
","{""type"":""科技"",""site"":""cnbeta"",""commentNum"":""12"",""joinNum"":""2593"",""clickNum"":""2578"",""shareNum"":""0"",""url"":""http://www.cnbeta.com/articles/tech/623623.htm"",""site_sign"":""cnbeta"",""label"":"""",""summary"":""苹果越来越想让Apple Watch成为健康追踪的设备，从苹果最新申请的一份专利来看，苹果下代智能手表可能将提供测量呼吸频率。专利申请报告显示，苹果概述了一种名为“测量呼吸频率与多带胸腺描记法”的系统，使用多波段的“体积描记器”，可用来测量一个器官内的体积变化。"",""is_hot"":""2"",""imgUrls"":""http://static.cnbetacdn.com/thumb/mini/article/2017/0618/032a9d02daa0940.jpg""}","新专利显示Apple Watch 3可能有呼吸监测功能","http://www.cnbeta.com/articles/tech/623623.htm"
"89572","","人民网","在天山北麓，辽阔的伊犁大草原上，水草丰茂，土地肥沃，自古就出骏马。天山出天马，新疆伊犁哈萨克自治州昭苏县被称为“中国最后一个天马的故乡”。现仍保存着大量身形矫健俊逸、奔跑神速的伊犁马、伊犁种马。在远处雪山的映衬下，万马奔腾于辽阔的大草原，构成一幅雄伟壮阔的景观。（文/韩婷摄/依依李文武 ）
","{""type"":""国内新闻"",""site"":""环球"",""commentNum"":""0"",""joinNum"":""0"",""clickNum"":""0"",""shareNum"":""0"",""url"":""http://china.huanqiu.com/hot/2017-06/10866379.html"",""site_sign"":""huanqiu"",""label"":"""",""summary"":""在天山北麓，辽阔的伊犁大草原上，水草丰茂，土地肥沃，自古就出骏马。天山出天马，新疆伊犁哈萨克自治州昭苏县被称为“中国最后一个天马的故乡”。现仍保存着大量身形矫健俊逸、奔跑神速的伊犁马、伊犁种马。在远处雪山的映衬下，万马奔腾于辽阔的大草原，构成一幅雄伟壮阔的景观。"",""is_hot"":""0"",""imgUrls"":""""}","“天马故乡”新疆昭苏：万马奔腾辽阔草原","http://china.huanqiu.com/hot/2017-06/10866379.html"
"89571","","中国经济周刊","　　文章导读： 阿里巴巴集团CEO张勇表示，阿里巴巴集团愿意运用自身的一切能力帮助品牌企业实现商业数字化，共同开启新零售。
　　责编：周琦
　　（本文刊发于《中国经济周刊》2017年第24期）
　　6月8日，在杭州召开的阿里巴巴投资者日大会上，当阿里巴巴集团CFO武卫说出阿里巴巴集团2018财年收入指引为增长45%~49%时，台下350多位来自世界各地的机构投资者和分析师不约而同地发出了惊叹。武卫给出的2018财年营收预计同比增长数字，远远超出之前市场36%~38%的分析预测。
　　当日，阿里巴巴的股价暴涨13.29%，收于142.34美元，总市值一度超过3600亿美元，再次超过腾讯的3323亿美元市值，成为亚洲市值最大公司，全球排名第七。单单这一日，阿里巴巴的市值增幅就超过了400亿美元。实际上，总市值超过这个数字的中国公司也并不多，3000亿元人民币是去年进入中国公司市值Top20的门槛线，百度的市值在620亿美元左右，京东市值约550亿美元。
　　在如此惊人的体量基础之上，还要实现近50%的年增长率，阿里巴巴的底气在哪里？谁来为阿里巨轮提供如此强大的引擎？实际上，阿里巴巴以天猫为引擎驱动的新零售战略已经成为外界关注的焦点。
　　“新零售是阿里巴巴面向未来所做出的全新战略愿景规划，是大数据驱动的线上线下融合，是零售核心元素的数字化。”阿里巴巴集团CEO张勇表示，阿里巴巴集团愿意运用自身的一切能力帮助品牌企业实现商业数字化，共同开启新零售。
　　天猫“变脸”展现野心
　　今年5月24日，天猫宣布完成有史以来最重要的一次全面升级，品牌口号从“上天猫就够了”变为“理想生活上天猫”。不少消费者明显感知到了天猫的“变脸”，但更重要的是，在这些表象背后是天猫所想要展现出的新的商业力量和巨大野心。
　　在阿里巴巴集团CMO董本洪看来，未来的天猫不只是帮品牌卖更多货，消费者也不是上天猫买到东西就够了，而是到天猫来寻找理想生活。
　　根据易观发布的数据，2016年中国网上零售市场规模达4.97万亿元，同比增长29.6%。其中，B2C市场交易达2.73万亿元，同比增速36%，高于网上零售市场增长。2017年一季度，中国网上零售B2C市场交易规模为7209.4亿元人民币，同比增长31.5%。其中，天猫市场份额为55.8%位居首位，京东、唯品会分别以26.7%、3.4%的市场份额位居第二、三位。
　　易观电商领域分析师告诉《中国经济周刊》记者，虽然目前B2C市场格局已经相对稳定和固化，但却已经开始了新一轮的竞争。这是一轮面向未来零售市场的多维度、多领域的综合竞争，主要围绕渠道融合、平台服务、品牌品质、营销创新展开深度发力，巨头平台持续延展渠道功能，表现出兼具升级前端用户体验、赋能后端品牌商（供应商），并不遗余力渗透线下实体零售，加剧了网上零售各细分领域的竞争。
　　在这样的背景之下，阿里巴巴选择升级进化天猫，并将其作为阿里巴巴新零售计划的核心就不难理解了。“新零售的核心是从向消费者销售商品转向服务消费者。”阿里巴巴董事局主席马云表示。过去，天猫只是一个连接制造和消费的平台，而现在则要通过全渠道、数字营销、数字分发、数字供应链管理等方面全方位赋能品牌商。
　　对人、货、场等商业元素重构
　　6月1日，天猫6·18理想生活狂欢节启动，总体让利幅度超过100亿元，堪称史无前例。但这并不意味着今年6·18只是一场史上最猛烈价格战，预言一个商业未来、展示新商业的力量才是其真正目的。
　　6月13日， LVMH、Burberry、玛莎拉蒂等54家领导品牌掌舵人或大中华区CEO齐聚杭州，这些品牌都参与了这场新零售的“狂欢”。不过，他们更关心的，是接下来如何与以天猫为基础的整个阿里巴巴生态更紧密地结合，进一步实现商业互联网化升级，转型新零售。
　　品牌商们将和天猫一起跳出怎样的新舞步？除了卖货，天猫还会如何帮品牌进行升级和赋能？
　　张勇把天猫的“魔力”描述成基于大数据的对人、货、场等商业元素的重构，并产生化学反应。首先是供应链的重构，从客户、物流、支付等环节实现全链条数字化；其次是销售全通路的重构，既包括面向一线城市的天猫超市，面向城市社区和农村等渠道毛细血管式渗透的零售通、村淘，也包括速卖通、天猫国际和LAZADA等海外市场多通路；第三是品牌营销和用户连接的重构，通过天猫的海量数据、借助智能化算法以及消费者媒体内容社区的构建，帮助品牌完成品牌运营和消费者关系全链路、全周期的行为闭环；第四是积极打通线上线下，完成对零售业态的重构。
　　英国儿童推车品牌Maclaren负责人陈志霖告诉《中国经济周刊》，Maclaren在海外很受欢迎，但是中国的市场太大，他们很难确定哪款产品、哪个颜色更受欢迎，物流等配套工作也很困难。“阿里有庞大的数据库可以帮我们做分析，天猫不仅对我们的销售价格、不同年龄段需要的童车进行销售指导，还能够配套解决物流难题。”
　　澳大利亚连锁药店企业Chemistry Warehouse中华区CEO Nancy接受《中国经济周刊》采访时说，阿里巴巴整个生态系统提供了各种工具和数据，可通过“千人千面”的方式筛选出对产品可能感兴趣的用户，然后把产品推送到这些人面前，这对消费者和商家来说是非常好的体验。
　　国际化也被作为天猫升级的重要方向。6月12日，旨在赋能国内商家“一店卖全球”的“天猫出海”项目正式推出。据菜鸟海外战略负责人周晓龙介绍，物流服务将在未来的天猫出海战略中扮演重要角色，菜鸟将集中在干线、通关政策、数据对接等方面进行优化，并将分仓等先进模式应用到海外场景，整个港澳台及东南亚地区的电商时效未来将广泛提升至次日达、隔日达。
","{""type"":""科技"",""site"":""新浪"",""commentNum"":"" 3"",""joinNum"":"" 5"",""clickNum"":""0"",""shareNum"":""0"",""url"":""http://tech.sina.com.cn/i/2017-06-20/doc-ifyhfnrf9374027.shtml"",""site_sign"":""sina"",""label"":""[天猫, 阿里巴巴, 零售]"",""summary"":""责编：周琦（本文刊发于《中国经济周刊》2017年第24期）6月8日，在杭州召开的阿里巴巴投资者日大会上，当阿里巴巴集团CFO武卫说出阿里巴巴集团2018财年收入指引为增长45%~49%时，台下350多位来自世界各地的机构投资者和分析师不约而"",""is_hot"":""0"",""imgUrls"":""""}","天猫进化论，天猫将如何成为阿里“新引擎”？","http://tech.sina.com.cn/i/2017-06-20/doc-ifyhfnrf9374027.shtml"
"89570","","时代财经@","时隔5个月，索尼互动娱乐于本周再度公布了麾下游戏主机PlayStation 4（简称PS4）的最新销量数据：截至2017年6月11日，PS4的总销量累计超过6040万台。
PS4是索尼PlayStation游戏机系列的第四代游戏主机，2013年11月于北美正式发售，现与任天堂的Wii U和微软的Xbox One共同在市场上竞争。
对于这个成绩，索尼互动娱乐总裁兼CEO Andrew House首先对一路支持PS4的粉丝和合作伙伴们表达感谢，并表示会继续前进，让PS4提供更好的娱乐体验。另外，Andrew House表示除了游戏，将通过扩充PlayStation VR内容组合和网络服务，使PS4的生态圈更充实。
据索尼官方公布数据，截至2017年3月底，PlayStation生态系统在全球拥有超过7000万个活跃用户，PlayStation Plus的付费用户达2640万，活跃的PS4用户每周在PS4上总共花费6亿多小时。
PS4--索尼游戏业务的主力军
如今，索尼的游戏业务已成为整个公司发展最主要的推动力之一。众所周知，索尼今年终于扭亏为盈，值得注意的是，游戏业务是此番增长的大功臣。索尼4月发布的2016财年财报显示，游戏和网络服务部门营业利润达到1356亿日元(约合12.18亿美元)，较上年的887亿日元增长52.9%，营业利润仅次于排名第一的金融服务部门。
游戏业务表现强劲的主要原因是PS4软件销售的增长和PS4硬件成本的降低。
除了6000多万的硬件销售，截至6月11日，索尼PS4通过零售商和数字商店发售了4.878亿份PS4游戏。
“总体而言，PS4是目前索尼游戏业务的利润引擎，为索尼公司开辟了新的数字业务收入流。”IHS Technology的游戏研究主管Piers Harding-Rolls对时代财经总结道，“其收入来源包括一些收费订阅服务--PlayStation Plus、PlayStation Now以及数字内容销售等。”
据市场调研机构IHS Markit预测，截至2017年底索尼PS4会有6900万的销量，而微软的Xbox One预计销量为3600万。虽然微软从没对外公布过Xbox One的官方销量，不过多家市调机构对此的预测均在3000万左右。按这趋势看，索尼PS4已大幅度领先微软Xbox。
进军VR领域，索尼面临的机遇与挑战
VR虚拟现实是接下来索尼最看好的发展领域。去年3月，索尼对外发布了虚拟现实头盔PlayStation VR，能够搭配PS4游戏机使用。上周，索尼宣布PS VR的销量已超100万部。遥遥领先两位竞争对手HTC Vive（42万部）和Oculus Rift（24.3万部）（该数据源于第三方市调公司SuperData），这也意味着索尼目前已是全球第二大VR厂商，排在第一位的是三星的Gear VR，销量为500万部。
微软和索尼是游戏主机市场的一对老冤家。当谈及目前索尼在VR这个新领域面临的机遇和挑战时，Piers Harding-Rolls对时代财经表示，“在2018年来临之前，微软在VR领域的硬件布局相对沉默，这意味着索尼有机会在今年剩下的时间里建立其在VR行业的领先地位。而索尼在VR发展上面临的主要挑战是‘建立足够大的用户群’，从而吸引更多的大型游戏发行商以及它们的游戏版权。要做到这点除了需要时间，索尼还得趁早发布成功的第一方游戏。”
另外，Piers Harding-Rolls补充道：“VR领域的内容制作方面需不断改进，我们尚处在VR内容制作道路的起始阶段，目前大部分的VR内容都是360度的全景图片和视频转换而来，VR内容制作道路还很漫长。
","{""type"":""科技"",""site"":""cnbeta"",""commentNum"":""7"",""joinNum"":""3152"",""clickNum"":""3140"",""shareNum"":""0"",""url"":""http://www.cnbeta.com/articles/tech/623625.htm"",""site_sign"":""cnbeta"",""label"":"""",""summary"":""索尼近日宣布已经售出超过6040万台PlayStation4游戏机，大幅领先微软。如今，游戏业务是索尼公司的最重要推动力之一，PS4成了其游戏业务的利润引擎，而对于去年新进军的VR领域，索尼有着什么优势？面临着什么挑战？"",""is_hot"":""2"",""imgUrls"":""http://static.cnbetacdn.com/thumb/mini/article/2017/0618/9a6a3d95fc06de5.jpg""}","索尼PS4销量持续走高 VR游戏领域面临新机遇","http://www.cnbeta.com/articles/tech/623625.htm"
"89569","","新疆日报","□ 吐尔孙·艾拜
我叫吐尔孙·艾拜，最近看到很多优秀的维吾尔族青年在网络、微信、博客上的发声文章，我也想和大家分享一些我的故事和看法。
我出生在一个不太富裕的家庭。父亲是银行职员，他去世的时候我和弟弟还在上小学，那之后生活的重担便全落在没有工作的母亲身上。初中毕业后为了尽快工作，我考入莎车师范学校，但是毕业后找不到工作，希望就此落空。母亲不忍看到我的失落，便把我送到县高三复习班备考大学，这是我人生中最难忘的一年。为了备考，早晨天还没有亮我就起床早读，晚上吃完饭就看书，有时半夜醒来发现趴在书上灯还亮着。功夫不负有心人，2003年我参加高考并被复旦大学录取，2009年又考上清华大学的硕士研究生，毕业后进入乌鲁木齐市达坂城区工作。2014年9月，我被清华大学新闻与传播学院录取，攻读博士学位；2016年，我进入新疆团校工作；2017年，根据组织的安排，我来到和田县塔瓦库勒乡巴克墩村参加“访惠聚”驻村工作。
回眸走过的历程，我感到无比欣慰。这是一段充满感动和感恩的旅途。作为一个从南疆走出来的博士生，一路走来要感激的人和事真是太多了。我能走到现在得益于母亲的坚持和执着，得益于学校和老师的关怀，得益于亲朋好友和热心人士的无私帮助，更得益于党和国家的民族政策、和谐稳定的社会局面，以及欣欣向荣的时代背景。
我为生活在这样一个欣欣向荣的国家感到幸运。
记得中学的时候，有一次我陪母亲去买菜，她为了几毛钱和商贩讨价还价，显得很可怜，当时我说了一句：只是几毛钱，你给他就是了。母亲看了我一眼，付完钱就走了，一路上一语不发，眼睛里含着泪水。现在每每想起那一幕，我都为自己的无知而悔恨。在复旦大学和清华大学求学期间，学校的老师得知我家境困难，主动为我联系勤工助学岗位、帮助协调解决助学金，并帮助我顺利完成了学业。我想，我是幸运的，因为我生活在一个敢于有梦、勇于追梦的国家和时代，我生活在这样一个通过勤奋耕耘实现梦想的时代，可以让我有机会追逐自己的梦想和人生价值。
我为生活在这样一个团结友爱的国家感到幸福。
在内地求学的十年，是充满感动和感恩的十年。学校的老师不仅授予我专业知识，还让我懂得做人做事的准则，涵养一种家国情怀。硕士生导师郭庆光教授为我推荐实习和工作岗位，手把手地指导我的毕业论文。博士生导师李彬教授如同父亲般照顾我，为我制定阅读书目名单、研究计划和博士论文提纲，使我的学业顺利又丰富。可敬可亲的史宗恺老师，始终关注我的成长，每当想起他那慈祥的面孔，我心里无比温暖和感慨；临近毕业的时候，他对我说：你是新疆培养出来的孩子，新疆现在正需要你这样的少数民族高材生，应该回去报答故乡的养育之恩。他真诚的嘱托，让我不再犹豫，现在看来，我的选择是对的，因为在家乡工作的每一天，我都感到充实，只有在这里，我才能更好地服务群众、锻炼成长、体现价值。
我为生活在中国共产党领导下的国家感到自豪。
2011年6月，我就读研究生期间光荣加入中国共产党，至今我还记得我向培养老师说的话：“我亲眼目睹了家乡发生的翻天覆地的变化，各族群众在党的关怀下安居乐业、融洽相处、幸福生活，我的成长也离不开党的培养和关心，我希望通过加入中国共产党承担更多的责任，为党的事业奋斗终身。”回到家乡工作和驻村期间，我更坚定了这个信念。
在我的家乡莎车县，小时候我走过的土路、逛过的巴扎、住过的土坯房、喝过的涝坝水、点过的煤油灯，现在都变了样子。我工作的巴克墩村，有笔直的柏油路、漂亮的安居富民房、甘甜的自来水、水泥防渗渠、整齐的农田，还有幼儿园小朋友最喜欢的羊肉抓饭。看到这些，想起我小时候陪母亲买菜时的场景，他们是幸福的，作为一名共产党员，为群众做工作，是光荣和自豪的。
与这些幸福生活形成鲜明对比的，是新疆维吾尔族群众身上的“暴徒”标签。当看到部分维吾尔族青年同胞被“三股势力”蛊惑、欺骗，走上实施暴恐的歧途，成为“三股势力”的“炮灰”，成为被各族人民群众憎恨唾弃的犯罪分子时，我心里无比痛苦和悲愤。作为一名维吾尔族青年知识分子，我想在这里与青年朋友们分享几句心语。
青年朋友们，我们要认清“三股势力”的罪恶本质和险恶用心。
2015年4月，我在共青团中央挂职时到喀什调研，一个女孩子对我说：因为被“三股势力”蒙蔽，她哥哥对国家和人民造成危害并受到惩罚。参加“访惠聚”驻村工作期间，我也亲眼见到那些父母、妻儿为家属的罪行撕心裂肺、痛哭流泪，他们后悔为什么没有教育好自己的子女、亲人。
借此机会，我想和维吾尔族青年朋友和兄弟姐妹们一起反思：我们从小听到的倡导和平、友善的伊斯兰教什么时候变成了伤害无辜群众、破坏幸福家庭、将穆斯林群众推向痛苦深渊的伊斯兰教？那些打着民族宗教旗号，散布谣言和谬论、曲解历史、蛊惑人心、制造暴恐案件的罪魁祸首，为什么自己不先去所谓的“天堂”？在全国同胞记忆中，维吾尔族勤劳、好客的印象什么时候被“暴徒”取代了？原本大门敞开的乌鲁木齐市人民公园因为什么安装了安检门？维吾尔族兄弟姐妹们，亡羊补牢为时不晚，只要我们擦亮眼睛，认清“三股势力”的罪恶本质，配合党和政府铲除“三股势力”的生存土壤和空间，让他们成为过街老鼠人人喊打，那些美好记忆的场景就能重新回到我们的生活。
青年朋友们，我们要努力学习科学文化知识和国家通用语言文字。
现在，全国各族人民正走在实现中国梦的伟大道路上。作为中华民族一员的维吾尔族，我们也不能落后，我们青年人怎么样，这个民族就怎么样。近几年，我们身边优秀的维吾尔族青年，在全国各种平台上为维吾尔族青年代言，树立了良好的形象，深受全国人民的喜爱，他们在成功的背后，付出了比其他人更多的努力。青年朋友们，父母养育我们、国家培养我们，是期待我们有出息、有作为。对父母的孝顺、对美好生活的追求不能只停留在口头上，更应该付诸实践，只有通过不断的努力学习，储备丰富的知识、练就生存本领，才能过上幸福生活，才能对得起自己的父母、亲人，赢得别人的尊重。
学习国家通用语言文字，是每一个公民的责任和义务。国语是全国各族人民的共同财富，蕴含着中华文化的精髓。作为一个中国公民，我们有义务学好国语，也只有这样，我们才能获得更多的求学就业经商机会，掌握现代前沿科技，通向世界，更好地传承和保护维吾尔族文化。“访惠聚”驻村工作期间，每当我走在乡间小道上，都会有村民让我帮他们翻译填写材料或解释生产生活产品的用法、协调生意来往等等，村里的年轻人外出务工经商时也往往会遇到语言障碍。现在，他们学习国语的意愿非常强烈，我们开办的双语夜校每期都座无虚席，部分村民甚至站着听课，因为他们后悔在上学的时候没有学好国语，迫切地想把落下的功课补回来，我们还有什么理由不学好国语？！
青年朋友们，我们要跟着共产党追求属于自己的幸福和未来。
睁开眼睛看看阿富汗、叙利亚、利比亚这样的国家。几经强权、宗教极端和民族矛盾的折腾，已经国不成国，家不成家，数以万计的人们流离失所，在痛苦和饥饿中挣扎，在死亡和恐惧的边缘徘徊。这正是“三股势力”企图引诱我们的方向，难道这就是我们希望追求的生活和未来吗？看看我们站立的红色大地，在中国共产党的坚强领导下，政局稳定，社会秩序井然，各族群众安居乐业，不愁吃、不愁穿、不愁住，过着温馨安康的日子。我们能生活在中国共产党领导下的这个繁荣昌盛的国度多么的幸运。如果没有中国共产党的坚强领导和殷切关怀，我们可能仍过着朝不保夕、面朝黄土背朝天的苦日子，更不用说接受好的教育、住在舒适的房子、享受好的医疗待遇。我们要认清谁是敌人、谁是真正的恩人，对伟大的中国共产党抱有一颗感恩的心，时刻谨记党的关怀和恩情，沿着党指明的方向前进，追求属于我们的美好生活和光明未来。
青年朋友们，我相信，可爱的故乡依然凝聚着无数人深深的眷恋，维吾尔族儿女对这片土地依然爱得那么深沉。我相信，在党的领导下，我们新疆各族兄弟姐妹团结一心，一定能把我们的故乡建设得更加美好。
新疆，我的家！新疆，我爱你！
免责声明：本文仅代表作者个人观点，与环球网无关。其原创性以及文中陈述文字和内容未经本站证实，对本文以及其中全部或者部分内容、文字的真实性、完整性、及时性本站不作任何保证或承诺，请读者仅作参考，并请自行核实相关内容。
","{""type"":""国内新闻"",""site"":""环球"",""commentNum"":""0"",""joinNum"":""0"",""clickNum"":""0"",""shareNum"":""0"",""url"":""http://china.huanqiu.com/hot/2017-06/10866384.html"",""site_sign"":""huanqiu"",""label"":"""",""summary"":""□吐尔孙·艾拜我叫吐尔孙·艾拜，最近看到很多优秀的维吾尔族青年在网络、微信、博客上的发声文章，我也想和大家分享一些我的故事和看法。我出生在一个不太富裕的家庭。父亲是银行职员，他去世的时候我和弟弟还在上小学，那之后生活的重担便全落在没有工作的母亲身上。初中毕业后为了尽快工作，我考入莎车师范学校，但是毕业后找不到工作，希望就此落空。"",""is_hot"":""0"",""imgUrls"":""""}","从中专到清华园","http://china.huanqiu.com/hot/2017-06/10866384.html"
"89568","","中超球评","中超联赛第13轮比赛结束后，中超第一集团普遍表现强势，山东鲁能在客场3-0大胜辽足，在积分榜上少赛一场却牢牢占据亚冠资格赛区域，这支一直号称保级的球队却很可能在下赛季踢上亚冠，而上赛季被称为中超“水货”的4200万人民币转会费强援也彻底爆发，进球效率傲视中超！
这就是上赛季还被球迷广泛传颂为“水塔”的巴西前锋塔尔德利，在与辽足的比赛中，塔尔德利本赛季第7次在中超出场，他就再次梅开二度，帮助鲁能取得一场酣畅淋漓的大胜，他的2个进球都干净简洁，让人看到了曾经巴西9号射手的本质。
而更为可怕的是这位巴西射手本赛季展示出来的惊人射门效率，本赛季塔尔德利受制于外援出场名额，他与佩莱和西塞争夺出场机会，所以目前中超只有7次出场，在这7次出场时间里面，他射门16次，平均每场不到2次射门，其中16次射门竟然有高达13次射正门框内！
而最让人惊讶的不是射正率之高，而是在这16次射门里面，塔尔德利竟然打进了8个进球，也就是平均2脚射门就能打进1球，这样的效率实在太高，要知道，塔尔德利的射门数只能并列排在中超第34位，而他的进球数却并列排在中超第4位，足足提升了30位！
毫无疑问，山东鲁能这3名超级强力前锋中，塔尔德利的射门效率是最为出色的，西塞7场比赛打进5球，佩莱更是只有10场比赛打进1球。本赛季这名曾经被称为“水货”的射手终于彻底爆发，只问这样的数据中超还有谁？（老邱中超球评）
","{""type"":""体育"",""site"":""凤凰"",""commentNum"":""0"",""joinNum"":""0"",""clickNum"":""0"",""shareNum"":""0"",""url"":""http://sports.ifeng.com/a/20170620/51284764_0.shtml"",""site_sign"":""ifeng"",""label"":""[]"",""summary"":""中超联赛第13轮比赛结束后，中超第一集团普遍表现强势，山东鲁能在客场3-0大胜辽足，在积分榜上少赛一场却牢牢占据亚冠资格赛区域，这支一直号称保级的球队却很可能在下赛季踢上亚冠，而上赛季被称为中超&amp;ld"",""is_hot"":""0"",""imgUrls"":""""}","中超水货彻底爆发：平均2脚射门就进1球还有谁？","http://sports.ifeng.com/a/20170620/51284764_0.shtml"
"89567","","中关村在线@","EPYC处理器将支持最高128条PCI-E?3.0，8通道DDR4内存，最高支持2TB的内存。而根据SPEC?2006的性能测试，AMD的EPYC处理器和同等定位的Intel?Xeon处理器相比较的话，性能领先幅度从20%起步，最高端的EPYC?7601领先幅度达到了47%。
","{""type"":""科技"",""site"":""cnbeta"",""commentNum"":""15"",""joinNum"":""7748"",""clickNum"":""7701"",""shareNum"":""0"",""url"":""http://www.cnbeta.com/articles/tech/623627.htm"",""site_sign"":""cnbeta"",""label"":"""",""summary"":""AMD此前宣布的EPYC服务器处理器即将在6月20日正式发布，目前外媒VideoCards已经将EPYC的具体参数规格等悉数放出。该系列处理器16核心起步，最多拥有32核心的版本，价格对应从400到4000美元不等。"",""is_hot"":""2"",""imgUrls"":""http://static.cnbetacdn.com/thumb/mini/article/2017/0618/ba8127d4961fd13.jpg""}","剿灭至强 AMD EPYC服务器CPU细节曝光","http://www.cnbeta.com/articles/tech/623627.htm"
"89566","","新华网","戈壁的大漠黄沙曾掩埋了无数西域古道，而如今一条大漠天路正顽强地与黄沙“搏斗”，在乌兰布和、腾格里、巴丹吉林三大沙漠中穿行，成为世界上最长的穿越沙漠高速公路，这就是北京至乌鲁木齐的京新高速公路。京新高速全长2540公里，建成后北京到新疆的行车里程将缩短1300公里，大漠变通途，通疆达海的梦想即将实现。新华社记者邓华 摄
","{""type"":""国内新闻"",""site"":""环球"",""commentNum"":""0"",""joinNum"":""0"",""clickNum"":""0"",""shareNum"":""0"",""url"":""http://china.huanqiu.com/hot/2017-06/10866392.html"",""site_sign"":""huanqiu"",""label"":"""",""summary"":""戈壁的大漠黄沙曾掩埋了无数西域古道，而如今一条大漠天路正顽强地与黄沙“搏斗”，在乌兰布和、腾格里、巴丹吉林三大沙漠中穿行，成为世界上最长的穿越沙漠高速公路，这就是北京至乌鲁木齐的京新高速公路。京新高速全长2540公里，建成后北京到新疆的行车里程将缩短1300公里，大漠变通途，通疆达海的梦想即将实现。新华社记者邓华摄俯瞰京新高速公路额济纳旗雅干服务区（5月25日摄）。"",""is_hot"":""0"",""imgUrls"":""""}","大漠变通途——世界上最长的穿越沙漠高速公路建设纪实","http://china.huanqiu.com/hot/2017-06/10866392.html"
"89565","","网易科技@http://tech.163.com/","以下是文章主要内容：
不妨想象一下未来的这一场景：你走进商店，凭名字通过带有脸部识别功能的计算机的身份验证，该计算机还会引导你前往你所需要的商品那里。你会在一个小小的区域里浏览商品——不会在店里迷路，也不必花费什么时间去搜寻想要的东西——因为商店货架上的只是样品。你在任何想要购买的商品前挥动一下你的手机，然后就可以走出商店了。在后台，机器人会从一个仓库检索你在店里订购的商品，然后通过无人驾驶汽车或者无人机将它们送到你家门口。
亚马逊周五宣布斥资134亿美元收购全食超市（Whole Foods），这一交易有可能会加速那一愿景的实现。亚马逊已经让几乎一切东西的购买过程都变得更省心更节省时间，如今它可能会在杂货领域做同样的事情。它已经在西雅图设立Amazon Go商店来进行尝试，该商店没有任何的店员，也不需要顾客排队结账。
自动化趋势
对于扼杀工作岗位的自动化技术，我们通常会想到工厂或者仓储中心里的机器人。但下一批要消失的工作岗位可能会是一些在许多人日常生活中占据较重要一部分的岗位：商店和餐馆里的零售人员和收银员。
很长一段时间以来，经济学家们都认为，像工厂和文职工作这样的规律性工作容易被自动化技术取而代之，而服务业和知识行业的工作则相对安全。它们需要机器难以模拟的人类技能，比如判断能力和适应能力。在经理作出战略性商业决策，或者厨师给一个顾客煎鸡蛋，给另一个顾客炒鸡蛋的时候，这些能力大有用处。
然而，每一种工作的部分任务将被自动化的趋势已经日益明显——服务行业接下来显然也将被自动化。尽管像保健员或者幼儿教师这样的特定服务岗位仍比较安全，但零售和食品服务等其它领域的岗位已经在被自动化技术取代。教导机器执行像扫描条形码、给货架备货或者在油里炸薯条这样的常规任务并不是什么难事。
根据美国劳动统计局的数据，800万人是零售售货员和收银员，占美国劳动者的6%。据该部门称，到2024年，收银类岗位预计将增加2%，增幅明显低于整体的岗位增加速度（7%）。
麦肯锡全球研究所最近发表的研究报告称，售货员和收银员有一半的工作时间用在可被已投入使用的技术自动化的任务。该报告还指出，占杂货店员工三分之二工作时间的任务可被自动化。另一家研究机构Forrester的报告估计，今年将有四分之一的售货员任务被自动化，到2020年这一比例将攀升至58%。
这些估算充其量只是猜测，毕竟想象未来如同创作科幻小说一般。即便相关技术的确存在，企业采用它们的速度也相当缓慢。这是生产力没有像经济学家可能预计的那么快速增长，尽管能够被自动化的工作增多了。但有证据显示零售类岗位正在发生迅速的变化。
零售业的快速变化
就拿Amazon Go商店来说吧，它既没有收银员，也不需要顾客排队结账。人们扫描一下手机就能进入商店，店里带有计算机视觉功能的传感器可监控顾客将什么商品放进购物车里。当他们离开商店的时候，他们可以自动结账。亚马逊将这种技术称作“只是离店结账技术”。
Amazon Go目前仅对亚马逊员工开放，据称在测试期间遇到了问题，尤其是在商店挤满人的时候。但随着亚马逊和其它的零售商不断进行测试和开发，该技术将会迎来改善。在其它方面，亚马逊采用自动化支付技术、可配送商品的无人机以及可给货架备货和打包商品的机器人。
家居装饰用品连锁店劳氏（Lowe’s）在加州的商店部署了客户服务机器人，它们能够四处回答顾客的问题和监控店里的存货。在Eatsa连锁餐馆，你会看不到任何的人工员工。顾客可以在店里的iPad或者自己的手机上下单，然后从一个显示他们的名字的小房间取走餐食。数家快餐连锁店，包括麦当劳和Panera，也部署了数字点餐机，让顾客自行下单和结账。
除非自动化技术的成本要低于雇用人工，否则企业不会投资部署。而且，大多数的零售业员工的工资比最低工资标准并没高出多少。但麦肯锡在对杂货店进行案例研究时发现，自动化技术帮助节省的运营支出达到其部署成本的3倍之多，所节省的资金有68%来自劳动成本的减少。
零售商们指出，自动化特定的任务不一定意味着替代员工，而是意味着将他们从那些任务中解放出来，转而去做其它对客户更具价值的事情。例如，劳氏公司说道，客户服务机器人担当起给客户解答简单问题的角色，因而员工可以给他们提供更加个性化的专业知识，如家居项目规划。
在被亚马逊收购之前，全食超市曾向Forrester表达过类似的看法。“我们没有有意去过度自动化我们的商店，至少不会在商店前端这么做。”该公司的一位高管匿名向Forrester表示，“我们想要继续给客户带来与真人接触的体验。”
重塑商业模式
但消费者往往喜欢通过减少与工作人员的互动来节省时间，尤其是在他们只需要购买咖啡或者纸巾的时候——因此，沃尔玛、星巴克等零售商才提供相当便利的在线订购到店提取服务。
如果大量的售货员和收银员失去工作（经济学家认为这有可能会发生），相比制造业等行业的失业人员，在某种程度上他们的处境或许会好一些。因为销售类工作不受地域限制，高流动性意味着供应量较高。
另一方面，麻省理工学院经济学家大卫·奥特尔（David Autor）指出，对于这一工作群体来说，自动化技术会让求职市场变得更有挑战性，毕竟他们本已经难以找到稳定且待遇优厚的工作，也不大可能获得可帮助他们找到更好工作的那种教育。
亚马逊方面称不打算裁减全食超市的员工，也不计划使用Amazon Go技术去自动化收银员的工作。
麻省理工学院数字经济项目主管埃里克·布林约尔松（Erik Brynjolfsson）认为，亚马逊的发展计划会带来的影响可能要远远超过纯粹的商店自动化行动。
“技术影响工作岗位更加重大、更加深刻的方式是，完全重塑商业模式。”他说道，“亚马逊没有在书店里部署机器人，没有用这样的方式来帮助你更加快速地结账。它实际上是完全重塑了书店。收银员的工作不会完全被自动化，以至于变得完全无关紧要——你只需要告诉Echo智能音箱你需要什么东西，或者它可能会预测你需要些什么，之后亚马逊就会直接将你想要的商品送到你家门口。”
访问:
日本亚马逊首页
","{""type"":""科技"",""site"":""cnbeta"",""commentNum"":""6"",""joinNum"":""2388"",""clickNum"":""2382"",""shareNum"":""0"",""url"":""http://www.cnbeta.com/articles/tech/623629.htm"",""site_sign"":""cnbeta"",""label"":"""",""summary"":""《纽约时报》网站发布文章称，亚马逊对全食超市的收购，可能预示着顾客店内排队结账时代的结束，掀起机器人革命。下一批要消失的工作岗位可能就是一些在人们日常生活中占据较重要一部分的岗位：商店和餐馆里的零售人员和收银员。"",""is_hot"":""2"",""imgUrls"":""http://static.cnbetacdn.com/thumb/mini/article/2017/0618/16489a9299c5a54.jpg""}","亚马逊收购全食超市或预示着排队结账时代结束","http://www.cnbeta.com/articles/tech/623629.htm"
"89564","","央广网","央广网贵阳6月19日消息（记者王珩 贵州台记者黄瑾）为规范省级救灾储备物资管理，提高救灾物资的应急保障能力，近日，贵州省民政厅会同省财政厅联合制定下发了《贵州省省级救灾物资储备管理暂行办法》。《办法》明确，对因严重自然灾害和其他不可抗力事件所实施的紧急采购，经财政部门批准实行单一来源采购或经省政府批准可自行采购。
《办法》规定，储备单位要切实加强救灾储备物资管理经费的使用管理；救灾物资坚持定点储存、专项管理、无偿使用的原则，不得挪作他用，不得向受灾人员收取任何费用。省救灾物资储备中心和代储单位接到省民政厅物资调拨通知后，2小时内组织省级救灾物资装运，并按照指令在24小时内将省级救灾物资发运到目的地。
免责声明：本文仅代表作者个人观点，与环球网无关。其原创性以及文中陈述文字和内容未经本站证实，对本文以及其中全部或者部分内容、文字的真实性、完整性、及时性本站不作任何保证或承诺，请读者仅作参考，并请自行核实相关内容。
","{""type"":""国内新闻"",""site"":""环球"",""commentNum"":""0"",""joinNum"":""0"",""clickNum"":""0"",""shareNum"":""0"",""url"":""http://china.huanqiu.com/hot/2017-06/10866404.html"",""site_sign"":""huanqiu"",""label"":"""",""summary"":""为规范省级救灾储备物资管理，提高救灾物资的应急保障能力，近日，贵州省民政厅会同省财政厅联合制定下发了《贵州省省级救灾物资储备管理暂行办法》。《办法》明确，对因严重自然灾害和其他不可抗力事件所实施的紧急采购，经财政部门批准实行单一来源采购或经省政府批准可自行采购。"",""is_hot"":""0"",""imgUrls"":""""}","贵州省出台省级救灾储备物资管理办法规定 灾情发生24小时内省级救灾物资须转运至目的地","http://china.huanqiu.com/hot/2017-06/10866404.html"